都道府県,施設名,住所,place_id
東京,.andwork shibuya (アンドワーク渋谷),日本、〒150-0041 東京都渋谷区神南１丁目２０−１３ The Millennials 渋谷内,ChIJceXj8aiMGGARwHUUAs1xwts
東京,&AND HOSTEL MINAMISENJU,日本、〒116-0003 東京都荒川区南千住３丁目２−９,ChIJ2-nzIc2PGGARGuTezG1SN0o
東京,AndWorker神楽坂,日本、〒112-0014 東京都文京区関口１丁目５−１０,ChIJFUJOwReNGGARFBA7YzOhWyg
東京,AWS Startup Loft Tokyo,日本、〒141-0021 東京都品川区上大崎３丁目１−１ 目黒セントラルスクエア 17F アマゾン新目黒オフィス,ChIJAwIIyMmLGGARgSXAT7lGl_4
東京,BASE POINT ベースポイント,日本、〒160-0023 東京都新宿区西新宿７丁目２２−３,ChIJIbfcEyqNGGARMBeffPgzQpA
東京,BasisPoint 西新宿店,日本、〒160-0023 東京都新宿区西新宿５丁目８−２ 惠徳ビル 10F,ChIJXd8MIbfzGGARSulQaiiDblQ
東京,BasisPoint 池袋店,日本、〒171-0022 東京都豊島区南池袋１丁目２４−６ 深野ビル 4F,ChIJdX5h32eNGGARof_Sn3IDOM0
東京,BIZcircle墨田鐘ヶ淵,日本、〒131-0031 東京都墨田区墨田５丁目５−２,ChIJrcuomOyPGGARdCM-our7JlI
東京,BIZcircle両国隅田川,"日本、〒130-0026 東京都墨田区両国１丁目８−４ 階, ７",ChIJNf98qkuJGGARDJzHYuk684Y
東京,BIZcircle両国森下,日本、〒130-0025 東京都墨田区千歳２丁目５−５ クレイル両国 1F,ChIJp3XCJDaJGGARD5KevcwHng4
東京,BIZcomfort 品川Skyway,日本、〒108-0075 東京都港区港南２丁目１７−１ 京王品川ビル 2F,ChIJhb6Km3OLGGAR1wiK-vALzjo
東京,BIZcomfort 豊洲市場前,日本、〒135-0061 東京都江東区豊洲６丁目４−３４ メブクス豊洲 1F,ChIJEUinIgCJGGARVEf3e5W2I18
東京,BIZcomfort曳舟,日本、〒131-0046 東京都墨田区京島１丁目８−８,ChIJ7amfGJePGGARPMCTLvyemqY
東京,BIZcomfort葛西,日本、〒134-0083 東京都江戸川区中葛西５丁目４１−１０ BPRプレイス葛西 6F・7F,ChIJQRV1GLOHGGARHqyjgMuhdVM
東京,BIZcomfort蒲田,日本、〒144-0052 東京都大田区蒲田５丁目２１−１３ ペガサスステーションプラザ蒲田 B2,ChIJNWdGlslhGGARAG1TqjhRCwc
東京,BIZcomfort亀戸南,日本、〒136-0071 東京都江東区亀戸７丁目４４−２,ChIJvbTSN3iJGGARDKJuFIVQVjE
東京,BIZcomfort京急大森町,日本、〒143-0015 東京都大田区大森西３丁目２８−５ コスモリード大森 西2F,ChIJR4v3txphGGARBqqa6KAaXTI
東京,BIZcomfort錦糸町,日本、〒130-0022 東京都墨田区江東橋４丁目２７−１４ 楽天地ビル 3F,ChIJ4dVOFlCJGGARSTWWh8zafGw
東京,BIZcomfort駒込,日本、〒170-0003 東京都豊島区駒込２丁目３−３ 駒込北口ビル 3F,ChIJj4QyuZaNGGARJBhJAYNTVmg
東京,BIZcomfort五反田,日本、〒141-0031 東京都品川区西五反田２丁目１４−１３ ニックハイム五反田 2F,ChIJ0_VW8DWLGGAR-gtRewpH5FU
東京,BIZcomfort御茶ノ水,日本、〒113-0033 東京都文京区本郷３丁目４−３ ヒルズ８８４お茶の水ビル 4F・5F お茶ノ水ビル,ChIJ__9rpiKMGGARG4Qoy9O4rhU
東京,BIZcomfort江戸川瑞江,日本、〒132-0011 東京都江戸川区瑞江２丁目５−３ グレイス瑞江 2F,ChIJz4j8GF6HGGARgFJifT43Ubs
東京,BIZcomfort秋葉原岩本町,日本、〒101-0032 東京都千代田区岩本町３丁目８−８ 中和秋葉原ビル,ChIJVxIwOKmOGGAR91tol9fttZ4
東京,BIZcomfort西新井,日本、〒121-0816 東京都足立区梅島３丁目３３−６ EMBLEM西新井 2F・3F,ChIJjWi8ZMeRGGAREajkDsTrA48
東京,BIZcomfort西日暮里,日本、〒116-0013 東京都荒川区西日暮里６丁目３７−１,ChIJOx1JZAiNGGARHxV00GoKMv8
東京,BIZcomfort川口,日本、〒332-0023 埼玉県川口市飯塚１丁目２−１６ 川口ホームズマンション 1F,ChIJiZ1hD2mTGGAR8XtkzSJ65ds
東京,BIZcomfort浅草,日本、〒111-0032 東京都台東区浅草１丁目１３−５ 井門浅草すしや通りビル,ChIJJ_2AqeyPGGARVS64Af09oLI
東京,BIZcomfort浅草橋,日本、〒110-0016 東京都台東区台東１丁目３８−９ イトーピア清洲橋通ビル 5F,ChIJm6PtdaWOGGARTYVzXngrP5w
東京,BIZcomfort大塚,日本、〒170-0004 東京都豊島区北大塚１丁目１９−１２ コルティス大塚 5F・6F,ChIJd8_1SHaNGGARP-2SjaRYU_U
東京,BIZcomfort池袋,日本、〒171-0021 東京都豊島区西池袋２丁目３６−１０ ACN池袋ビル 5F,ChIJrVPifVuNGGARZMvu2WuUab0
東京,BIZcomfort池袋西口,日本、〒171-0014 東京都豊島区池袋２丁目３６−１ INFINITY IKEBUKURO6F・7F・8F,ChIJTYm8ZkyNGGARpxFKEOCH10g
東京,BIZcomfort中板橋,日本、〒173-0021 東京都板橋区弥生町３３−３ 三春ビル 5F,ChIJs-PWhSOTGGARfdzwEcqgm2A
東京,BIZcomfort中野南,日本、〒164-0001 東京都中野区中野２丁目１９−２ リードシー中野ビル 3F,ChIJN5BtFHHzGGAR_5DdqatbRO0
東京,BIZcomfort東十条,日本、〒114-0032 東京都北区中十条３丁目３５−１ 桑沢ビル 5F,ChIJbTEh8xOTGGARxzUn-A8EWXg
東京,BIZcomfort東池袋,日本、〒170-0013 東京都豊島区東池袋５丁目７−３ 五丁目ビル 2F,ChIJiZ6DVDuNGGARSGZHcP77IWs
東京,BIZcomfort日暮里,日本、〒116-0014 東京都荒川区東日暮里５丁目５０−５ アートホテル日暮里ラングウッド 3F,ChIJTcs5Kn-PGGARmXv-nr_c8Dw
東京,BIZcomfort板橋大山,日本、〒173-0023 東京都板橋区大山町１２−２ DT大山町 3F・4F・5F,ChIJjfKVzh-TGGARnfJnLR5OqV0
東京,BIZcomfort品川御殿山,日本、〒141-0001 東京都品川区北品川５丁目１２−４ リードシー御殿山 7F・8F,ChIJVy2rnLeLGGAR3OCrIv2sLKU
東京,BIZcomfort品川大井町,日本、〒140-0004 東京都品川区南品川２丁目２−５ リードシー南品川ビル 2F,ChIJLSWuIaKLGGAR3pgeHDso7rg
東京,BIZcomfort文京白山,日本、〒113-0001 東京都文京区白山１丁目１３−７ アクア白山ビル 7F,ChIJh1yYrEqMGGAR_duTZHRw5cw
東京,BIZcomfort北千住,日本、〒120-0035 東京都足立区千住中居町１７−２０ マルアイビル 5F・6F,ChIJC1MbnKKPGGARzL6dDQOIl-0
東京,BIZcomfort用賀,日本、〒158-0097 東京都世田谷区用賀４丁目９−１２ Astage用賀 B1,ChIJBaLiV7H1GGARPiGJTxYPF5A
東京,BONUS TRACK MEMBERS（シェアオフィス・コワーキングスペース）下北沢・世田谷代田,日本、〒155-0033 東京都世田谷区代田２丁目３６−12~15,ChIJUaJwz6HzGGARpbX2wVVDoCo
東京,CASE Shinjuku,日本、〒169-0075 東京都新宿区高田馬場１丁目２８−１０ 三慶ビル 4F バンフォーレ,ChIJ-eXuZDmNGGARfwYs1UZozuw
東京,CITY CREATION門前仲町レンタルオフィス,日本、〒135-0047 東京都江東区富岡１丁目２４−２,ChIJx9nidHSJGGARgZA_csYQ8U4
東京,co-ba ikebukuro,日本、〒171-0021 東京都豊島区西池袋３丁目２９−番３号 梅本ビル４階,ChIJ0_p9rF6NGGARUv5yppy-6fU
東京,co-ba ikebukuro station,日本、〒171-0021 東京都豊島区西池袋１丁目１７−７ 池袋ルミエールビル ４階,ChIJ8QujEzyNGGAR5z4FMv35Um0
東京,co-ba shibuya,"日本、〒150-0002 東京都渋谷区渋谷３丁目２６−１６ 第５叶ビル 5F,6F",ChIJE3J-bluLGGARgfO9VMWhpHQ
東京,CO-Work&...新宿,日本、〒160-0022 東京都新宿区新宿２丁目１１−７ 第33宮庭ビル 5F,ChIJCd5SI6GNGGARaV9j-N86tz8
東京,CO-WORKING&JAZZCLUB EXPRESSION,日本、〒101-0051 東京都千代田区神田神保町２丁目２０−６ 恒倉ビル B1F,ChIJgf4H1FaNGGAR_rOav08R_RU
東京,CocoDesk 押上駅,日本、〒131-0045 東京都墨田区押上１丁目１−６５,ChIJW_siJ9CPGGARMpYejBjaoFc
東京,CocoDesk 清澄白河駅,日本、〒135-0021 東京都江東区白河１丁目６−１３,ChIJm9d74IyJGGAR4WU-yCLXxoU
東京,coin space コインスペース 錦糸町マルイ店,日本、〒130-0022 東京都墨田区江東橋３丁目９−１０ 錦糸町マルイ 3階,ChIJ63leCtiIGGARxZ_7lxNJybA
東京,coin space コインスペース 渋谷マークシティ店,日本、〒150-0043 東京都渋谷区道玄坂１丁目１２−５ 渋谷マークシティ WEST4階 クリエーションスクエアしぶや内,ChIJy0synFeLGGARADh0euPqdpY
東京,Colony#3 下北沢|コワーキング/シェアオフィス/レンタルスペース,日本、〒155-0031 東京都世田谷区北沢２丁目２７−９ 地下1階〜2階,ChIJidahIj_zGGARn5YCCrlndfI
東京,COSA ON,日本、〒116-0001 東京都荒川区町屋１丁目３−１２ COSA ON204,ChIJc2xqdZmPGGARCZBP0fm2tWw
東京,COTOLIBA北砂,日本、〒136-0073 東京都江東区北砂２丁目１７−１ アリオ北砂 ３階,ChIJdc46OY2JGGARK4x0abMviFg
東京,Coworking Space /MONZ SPACE 築地,日本、〒104-0045 東京都中央区築地４丁目３−８ 登喜和ビル ５階,ChIJOcB-3WaLGGARRZtZ-1S2dTM
東京,Coworking space HITOSHIGOTO,日本、〒174-0052 東京都板橋区蓮沼町２６−２,ChIJs3pOAomTGGARUlEST8gLDi8
東京,Cozy Works Kamiyacho,日本、〒105-6004 東京都港区虎ノ門４丁目３−１ 城山トラストタワー 4階,ChIJ00dXkpCLGGARi9MXb91Ce3s
東京,Creative Lounge MOV,日本、〒150-8510 東京都渋谷区渋谷２丁目２１−１ 8F,ChIJeQt-_1iLGGARYFO-fl4vdpE
東京,CWK Space,日本、〒164-0001 東京都中野区中野４７−３−４７−１３ シグマウエスト 401号,ChIJe4CByJHyGGARoBAspk1rIZo
東京,DOTEMA,日本、〒155-0032 東京都世田谷区代沢２丁目４８−３,ChIJV0_UTajzGGARRpR2qxQdKYQ
東京,EDITORY浅草橋,日本、〒111-0053 東京都台東区浅草橋１丁目１９−１ 祥松ビル4F,ChIJFdldM7KOGGAR86IJ8FmuQws
東京,emiffice（エミフィス）大泉学園 シェアオフィス,日本、〒178-0063 東京都練馬区東大泉１丁目２８−１ グランエミオ大泉学園 1階,ChIJNUoBrPvvGGARG0mgfVGadFM
東京,emiffice（エミフィス）練馬 シェアオフィス,日本、〒176-0001 東京都練馬区練馬１丁目３−１０ 西武鉄道練馬駅2階構内,ChIJh42yZ1LtGGARN67DT3O1fkE
東京,ExeWorks上野店-レンタルオフィス＆コワーキングスペース-,日本、〒110-0015 東京都台東区東上野２丁目１３−２ 上野スカイビル,ChIJ9_wG_uqPGGARDY4xLNKXEpE
東京,EXPRESS WORK-Lounge ／ Office（エクスプレスワーク ラウンジ／オフィス）,日本、〒100-0005 東京都千代田区丸の内１丁目９−１ 丸の内中央ビル 11階,ChIJG0Xvbf2LGGARczPjlHIHg7g
東京,FEEEP 池袋東口店,日本、〒171-0022 東京都豊島区南池袋１丁目２２−１ 池袋1221ビル 2F,ChIJx6IiCeWNGGARDYOvQxCCIuU
東京,FEEEP（フィープ）上野店,日本、〒110-0005 東京都台東区上野６丁目１６−１５ フォーライフ上野駅前ビル 2階,ChIJtw6OzoCPGGARup0p-2yh92A
東京,FEEEP（フィープ）新宿西口店,日本、〒160-0023 東京都新宿区西新宿１丁目８−１ 新宿ビルディング B2F,ChIJ4cCHwKqNGGAREDsCUpU4AFg
東京,FEEEP（フィープ）新宿東口-新宿三丁目店,日本、〒160-0022 東京都新宿区新宿３丁目２９−１１ 新盛堂ビル ５Ｆ,ChIJ-7mFX02NGGARhLQrRsivazk
東京,FromScratch Works 中野,日本、〒165-0026 東京都中野区新井２丁目３０ ４IFOビル 7FB,ChIJF7bEK2TzGGARvlrUMKMprX4
東京,FUSION_N,日本、〒101-0054 東京都千代田区神田錦町2-4 ダヴィンチ小川町ビル３階,ChIJoYynTQWMGGARjYpstIPWWcU
東京,GARAGE WASEDA（コワーキングスペース/シェアオフィス）,日本、〒162-0041 東京都新宿区早稲田鶴巻町５１８ 早稲田玉井ビル 3F,ChIJ9y2AOgONGGARLl-zHppjRe4
東京,Gokei work space,日本、〒110-1115 東京都台東区東上野３丁目１０−７ GOKEI上野Building 2階,ChIJ2y52rtaPGGARYwMLJ5fRxUI
東京,goodroom lounge品川（goodoffice 品川）,日本、〒140-0001 東京都品川区北品川１丁目２３−１９,ChIJxQlTWsCLGGARREQfbQeW_XU
東京,H¹O 渋谷神南,日本、〒150-0041 東京都渋谷区神南１丁目５−６,ChIJ24ZSkcmNGGAR71OBVft_xMo
東京,H¹O 神田,日本、〒101-0042 東京都千代田区神田東松下町４１−１,ChIJ7RtEMo2NGGAROu260MELPaQ
東京,H¹O 平河町,日本、〒102-0093 東京都千代田区平河町１丁目６−４,ChIJ8U7qNPyNGGAR8Bu83eczLk0
東京,H¹O日本橋茅場町,日本、〒103-0025 東京都中央区日本橋茅場町２丁目１２−１０,ChIJQXfClemJGGAR8sQ7ygoqv2M
東京,H¹T 荻窪（エイチワンティー）,日本、〒167-0043 東京都杉並区上荻１丁目１６−１６ 喜屋ビル 6F,ChIJn8CN2LLtGGARUz1XRiqDNhE
東京,H¹T 錦糸町（エイチワンティー）,日本、〒130-0022 東京都墨田区江東橋３丁目９−１０ 丸井錦糸町店 5階,ChIJJ1gHx2aJGGAR-NN-uJxXjGM
東京,H¹T 新小岩（エイチワンティー）,日本、〒124-0024 東京都葛飾区新小岩１丁目４４−２ クッターナA 棟5F,ChIJr2lfiqGHGGARmNhXRHWnG_U
東京,H¹T 西葛西（エイチワンティー）,日本、〒134-0088 東京都江戸川区西葛西６丁目８−１０ 朝日生命西葛西ビル 6階,ChIJTUyCi4GHGGARROCxDUMDwDM
東京,H¹T 池袋東口（エイチワンティー）,日本、〒171-0022 東京都豊島区南池袋１丁目２１−５ 池袋大栄ビル 7階,ChIJjzoMXbyNGGAR6qtsJSdhUAU
東京,H¹T 中目黒（エイチワンティー）,日本、〒153-0051 東京都目黒区上目黒３丁目３−１４ アサヒ電気朝日生命中目黒ビル ７階,ChIJg0hiYeyLGGARgtefY8nKtzo
東京,H¹T 中野（エイチワンティー）,日本、〒164-0001 東京都中野区中野３丁目３６−１５ ニュークリアビル 4階,ChIJNcxtZbTzGGARBwlBrRgi1QY
東京,H¹T 東京ビッグサイト前（エイチワンティー）,日本、〒135-0063 東京都江東区有明３丁目７−２６ 有明フロンティアビル B棟 ２F215区画,ChIJh7FgmViJGGAR4OiGnBpqqYU
東京,H¹T 東陽町（エイチワンティー）,日本、〒135-0016 東京都江東区 東京都江東区東陽4-1-19 Fine Crest M'S 5F 東,ChIJlwr_0HuJGGARZ8TKqrjGkpQ
東京,H¹T 日暮里（エイチワンティー）,日本、〒116-0013 東京都荒川区 東京都荒川区西日暮里2-19-7日暮里駅前東忠ビル 9F,ChIJ9VDhCyqNGGAR1J60yhy2kNw
東京,H¹T 北千住西口,日本、〒120-0034 東京都足立区千住３丁目９２,ChIJK5tVXE-OGGARWLkvV6j3HNo
東京,H¹T 両国（エイチワンティー）,日本、〒130-0026 東京都墨田区両国３丁目２５−５ ＪＥＩ両国ビル 7F,ChIJCWDYziOJGGARuyyYzuMVytU
東京,H¹T 練馬（エイチワンティー）,"日本、〒176-0012 東京都練馬区豊玉北５丁目１７−１０, Loc’s Nerima Bldg., 3階",ChIJRVFW0RDtGGARYWU6y4uvalw
東京,HAKADORU アトレ大森店,日本、〒143-0016 東京都大田区大森北１丁目６−１６ アトレ大森店 ５Ｆ,ChIJKxpfH4NhGGAR-4BAfq2PABI
東京,HANPAはすぬま,日本、〒146-0094 東京都大田区東矢口３丁目１７−８ 柏アパート B 11号室,ChIJsdF90BdhGGARPZj8jCs7V9Q
東京,HEREON西日暮里 個室ワーキングスペース,日本、〒116-0013 東京都荒川区西日暮里５丁目３１−１０ ワイメア・ヴァレ 901号室,ChIJCaquJnSNGGARj3mQluqzLRQ
東京,ivyCafe NEIGHBOR&WORK 町屋（アイビーカフェ町屋）,日本、〒116-0001 東京都荒川区町屋３丁目１４−１,ChIJ7y7L1XKOGGARmqWdTb-7nyQ
東京,Just Office Ekoda,日本、〒176-0006 東京都練馬区栄町２７−５,ChIJy5Pih7qLGGARz2XM0-8-V6E
東京,JustCo渋谷ヒカリエ,日本、〒150-8510 東京都渋谷区渋谷２丁目２１−１ ヒカリエオフィス棟 33階,ChIJhbTvtXSLGGAR1tJCRiXYIto
東京,JustCo新宿ミライナタワー,日本、〒160-0022 東京都新宿区新宿４丁目１−６ JR新宿ミライナタワー 18F,ChIJ0VzRbBKNGGARTPFGIEbNYlc
東京,JustOffice西葛西,日本、〒134-0088 東京都江戸川区西葛西３丁目２２−１０,ChIJwVGzIgyHGGARU9358tawOeY
東京,Kant. ｜ WORK LOUNGE ｜OFFICE ｜CAFE&MUSIC BAR LOUNGE,日本、〒106-0032 東京都港区六本木４丁目８−５ 和幸ビル,ChIJl2080G-LGGARa2u_B0XIDJ4
東京,KNOW HOW 北千住,日本、〒120-0033 東京都足立区千住寿町８−１８ 柏崎ビル 201号室,ChIJCZhbfduPGGARpxVYXRlL0zo
東京,LIFORK大手町,日本、〒100-0004 東京都千代田区大手町１丁目５−１ 大手町ファーストスクエア ウエストタワー 1・2階,ChIJIz0giweMGGAR6BvABJByJRY
東京,LIT HIGASHI-NIHOMBASHI,日本、〒103-0004 東京都中央区東日本橋２丁目２４−９,ChIJO7Jxt1aPGGARLDIcbq2TSuc
東京,Lounge by m コワーキング石神井,日本、〒177-0041 東京都練馬区石神井町２丁目７−５ ブルーストーン 2F,ChIJr8LGqYLvGGARHzkgjGweEyE
東京,Lounge by m コワーキング大泉学園店,日本、〒178-0063 東京都練馬区東大泉１丁目２６−１２,ChIJXzt08CnvGGARhr07eVRRiGo
東京,LULL TECH BEACH 渋谷,日本、〒150-0002 東京都渋谷区渋谷３丁目１０−１３ Tokyu Reit 渋谷Rビル B1,ChIJWW8_Cs6LGGARwCzluvuRRNQ
東京,LUPO 下北沢,日本、〒155-0031 東京都世田谷区北沢３丁目２７−４ 立木ビル 2F,ChIJdaXdQ9jzGGARZDiS0WqwIig
東京,MID POINT渋谷神泉,日本、〒150-0045 東京都渋谷区神泉町20番２１ クロスシー渋谷神泉ビル,ChIJC6CvjQ-LGGARfAaldgWOtGE
東京,MID POINT大森,日本、〒143-0023 東京都大田区山王２丁目５−１３ 大森北口ビル 5F,ChIJkWTobA5hGGARrpPfv7ujU6M
東京,MID POINT大塚,日本、〒170-0005 東京都豊島区南大塚２丁目３８−１ リードシー大塚ビル 5~8F,ChIJrQy0H8aNGGARqmhAY94Ebwo
東京,MID POINT幡ヶ谷,日本、〒151-0072 東京都渋谷区幡ケ谷１丁目２−２ 京王幡ヶ谷ビル 4F,ChIJwfF0EAjzGGARNRFEFLAB4rw
東京,MID POINT目黒不動前,日本、〒141-0031 東京都品川区西五反田３丁目１５−６ リードシー目黒不動前ビル,ChIJ5-1sBROLGGAROx45S-yywYE
東京,MIDORI.so NAKAMEGURO,日本、〒153-0042 東京都目黒区青葉台３丁目３−１１,ChIJyYJ4dFOLGGAR1s0yqePtAiw
東京,MY TIME マイタイム,日本、〒179-0075 東京都練馬区高松４丁目６−１ 長谷美ビル ビズテラス光が丘 6F,ChIJCVd0K0vtGGAR5Dyxx6pkTlE
東京,NAKANO HAKO,日本、〒164-1001 東京都中野区中野２丁目２４ ナカノサウステラ レジデンス棟 2階201,ChIJE1HJFkXzGGAR_rmzz_9aPCE
東京,NewWork 蒲田,日本、〒144-0051 東京都大田区西蒲田８丁目１−５ 東急西蒲田ビル 3F,ChIJv9VO181hGGARyV3i_sn8bvY
東京,NewWork 桜新町​,日本、〒154-0015 東京都世田谷区桜新町１丁目１２−１０ 駅前ビル 5F,ChIJi0VZRzb1GGARCIhq7bCA9TA
東京,NewWork 新橋,日本、〒105-0004 東京都港区新橋１丁目１５−７ 新橋NFビル 7F,ChIJ1_88NAqLGGARranNnXrg3EY
東京,NewWork 新宿9F,日本、〒160-0023 東京都新宿区西新宿１丁目１７−1-9F 日本生命新宿西口ビル,ChIJAQDABNGMGGARoBd2xEF6R_4
東京,NewWork 池袋7F,日本、〒170-0013 東京都豊島区東池袋１丁目２１−１１ オーク池袋ビルディング 7F,ChIJp3HcvJONGGARciWPAd2yPfI
東京,NewWork 中目黒,日本、〒153-0043 東京都目黒区東山１丁目６−７ フォーラム中目黒 6F,ChIJ69aTWvuLGGAR1CNmyuTeMr4
東京,NewWork 中野,日本、〒164-0001 東京都中野区中野５丁目６５−３ A-01ビル 3F,ChIJw1pRIDXzGGARGk7i1oqj7Gk
東京,NewWork 北千住5F,日本、〒120-0036 東京都足立区千住仲町１９−８ 太陽生命保険千住支社 5階,ChIJK_Fq1KiPGGARxDf0Nkzjd1g
東京,NewWork錦糸町,日本、〒130-0022 東京都墨田区江東橋３丁目７−８ 日本生命錦糸町ビル 6F,ChIJGzzcZtiIGGARkboUT2WsiRo
東京,NewWork大泉学園,日本、〒178-0063 東京都練馬区東大泉１丁目２９−１ 大泉学園ゆめりあ 1 3F,ChIJbaCoFY_vGGARF7QAMWvN73A
東京,NewWork北千住1F,日本、〒120-0036 東京都足立区千住仲町１９−８ 太陽生命千住ビル 1F,ChIJb9KLXUOPGGAR3K-_YEs4uro
東京,Next DESK ネクストデスク,日本、〒164-0001 東京都中野区中野２丁目１３−２５ 第一岡ビル３階,ChIJZYJ0DajzGGARmrY7AEv6DtI
東京,SaCuLa 芦花公園 コワーキングスペース 自習室 24時間,日本、〒168-0074 東京都杉並区上高井戸１ 21-2 第2 B101 ラサハウス,ChIJi2sEDjPzGGARjMOkGJi3SB4
東京,SaCuLa 千歳烏山 コワーキングスペース 自習室 24時間,日本、〒157-0062 東京都世田谷区南烏山６丁目２７−１ 宿谷ビル 201号,ChIJBbJ54N3xGGARR5suo_M4SVA
東京,SaCuLa 明大前 コワーキングスペース 自習室 24時間,日本、〒156-0043 東京都世田谷区松原１丁目３８−８ 村山ビル 2B,ChIJxY1RYETzGGARtWMQDvfxJHQ
東京,SENQ目黒,日本、〒141-0021 東京都品川区上大崎３丁目２−１ 目黒センタービル 8階,ChIJRxXNu1CLGGARBf8RaSgjGdA
東京,SO!Oomori（大森）,日本、〒143-0023 東京都大田区山王２丁目１−２ 大森ステーションボックス,ChIJG8aj2e9hGGAR0gIvYQysrVQ
東京,Social Business Lab（ソーシャルビジネスラボ）,日本、〒103-0014 東京都中央区日本橋蛎殻町１丁目２４−４ 井川ビル 2F,ChIJpcLU2ESJGGAREWW6xKvuiXQ
東京,SoloTime 錦糸町,日本、〒130-0013 東京都墨田区錦糸２丁目５−８ シルバーストンビル 5階,ChIJ01y9Jg6JGGARoJIMyZa08JI
東京,SoloTime 西葛西,日本、〒134-0088 東京都江戸川区西葛西６丁目９−１２ 西葛西トーセイビル 7階B号室,ChIJc_IvSKGHGGARBn6LVWG2ksQ
東京,SoloTime 中目黒,日本、〒153-0051 東京都目黒区上目黒３丁目２−１ 明治安田生命中目黒ビル 4階,ChIJ1QJEboiLGGARLU1lOhKJYyk
東京,SPACES品川,日本、〒108-0075 東京都港区港南２丁目１６−１ 7F･8F 品川イーストワンタワー,ChIJ89sJctGLGGARXh3JQzLFcNs
東京,StartupSide Tokyo｜スタートアップサイド東京,日本、〒101-0064 東京都千代田区神田猿楽町２丁目８−１１ Vort水道橋III 7・8・9階,ChIJgyM3F-mNGGARcXSuMmcMA68
東京,STAYUP（ステイアップ）日本橋箱崎,"日本、〒103-0015 東京都中央区日本橋箱崎町３０−１, A.I.Nihombashi East, 1F",ChIJZ08DQc6JGGARkBMsBYx-5cA
東京,studio ai レンタルスペース・シェアオフィス,日本、〒130-0005 東京都墨田区東駒形２丁目２−６ 田中ビル 3階/4階,ChIJI3XG2CGPGGARwFx7Di4AnIk
東京,Suup コナカ南小岩店,日本、〒133-0056 東京都江戸川区南小岩３丁目２９−８,ChIJs3eYeiuHGGARCaxfX5nRUp0
東京,Suup 新宿三丁目店 by 京王不動産,日本、〒160-0022 東京都新宿区新宿３丁目４−１ 5階,ChIJ508GpGWNGGARAIYuPdluOwk
東京,SYCL by KEIO（シェアオフィス・コワーキングスペース）｜世田谷区 下北沢,日本、〒155-0031 東京都世田谷区北沢２丁目１１−１５ ミカン下北A街区 4F,ChIJ-WA1uIvzGGARyrJuKMdPUvo
東京,TimePort木場 レンタル・ワーキングスペース,日本、〒135-0042 東京都江東区木場５丁目３−４ 入口は建物横側の新田橋手前 コータス木場,ChIJu4TUS6aJGGARCBx4DourQ2Q
東京,TOBU×BIZcomfort竹ノ塚,日本、〒121-0813 東京都足立区竹の塚６丁目６−１ 駅ビル 2F・3F,ChIJ0XJ7X52RGGAR90UF6PIgT7g
東京,TOKYOシェアオフィス墨田,日本、〒130-0004 東京都墨田区本所３丁目１５−５,ChIJeV_dvXKPGGAR-f6ZD_viIT8
東京,UENO de MYoffice(ポリグロットリンク),日本、〒110-0005 東京都台東区上野７丁目４−９ 細田ビル 4F,ChIJN67SPeaPGGARByt3XRYzbJ4
東京,Ueno Your 2nd,日本、〒110-0005 東京都台東区上野３丁目１４−２,ChIJQdPZu1qNGGARqr0QBZIiLLg
東京,Value Work,日本、〒166-0004 東京都杉並区阿佐谷南１丁目３６−４ 三幸ビル ４F,ChIJkWLkQk_zGGARULXZcBSaXdk
東京,VORT SPACE（ボルトスペース）茅場町店,日本、〒103-0025 東京都中央区日本橋茅場町１丁目１１−３ 岡本ビル 9F,ChIJcVEuYfuJGGARrW_J1Aiuywk
東京,WAW日本橋,日本、〒103-0027 東京都中央区日本橋１丁目１３−１ 日鉄日本橋ビル 3階,ChIJ4cynwx-JGGAR8yZvRR3mro0
東京,whoワークラウンジ｜コワーキングスペース,日本、〒103-0004 東京都中央区東日本橋３丁目６−１２ 東日本パークビル 6階,ChIJGd52-f-JGGARb-5hGCLXMtM
東京,Work Lounge WACRE (ワクレ) | コワーキングスペース,日本、〒101-0061 東京都千代田区神田三崎町３丁目１−１ 高橋セーフビル 5階,ChIJT7YRWKuNGGARIPtTe_lI6Rg
東京,work.GO目黒碑文谷,日本、〒152-0003 東京都目黒区碑文谷５丁目２−５ T&Aビル 5F,ChIJzTleg3X1GGARBtswtniZnWk
東京,workCAFE ココDoカフェ,日本、〒164-0001 東京都中野区中野５丁目５７−１０ CUBE中野 3F,ChIJSzo9VU3zGGARyyTlzczPAMk
東京,WORKERS CAFE by Feathers,日本、〒112-0013 東京都文京区音羽１丁目２５−１３ SPACE-T 2F,ChIJMT7k8SGNGGARLIAKi_s7nMc
東京,WORKING STUDIO 秋葉原/アストロサーブ株式会社,日本、〒101-0021 東京都千代田区外神田４丁目７−３ 田中ビル 1階,ChIJM3oJqb6NGGARt7quzNc8rUI
東京,Workmedi新宿-コワーキングスペース-貸会議室,日本、〒160-0023 東京都新宿区西新宿７丁目７−２６ ワコーレ新宿第一ビル 2階,ChIJP3y7O06NGGARQeZGqRE8W2Y
東京,Workspace & Bar 56,日本、〒103-0013 東京都中央区日本橋人形町２丁目２１−１ ＦＳビル 5F,ChIJm4fCvEmJGGARJVmoxalHfFg
東京,アイデスク中野自習室,日本、〒164-0001 東京都中野区中野５丁目６０−６ サンモール共同ビル 3F,ChIJN7AkoQTzGGARNvScMjBiAg4
東京,アカコ,日本、〒115-0045 東京都北区赤羽１丁目５９−８ ヒノデビル 4F,ChIJ2_zDcRuTGGAR8wz3_S60ea4
東京,アクセアカフェ渋谷店,日本、〒150-0002 東京都渋谷区渋谷３丁目１１−１１ ＩＶＹイーストビル ２Ｆ,ChIJpRjAO_OLGGARWD0hDb917fA
東京,アクセアカフェ西新宿店,日本、〒160-0023 東京都新宿区西新宿７丁目１２−３ 佐藤ビル ２Ｆ,ChIJPZ-7wQSNGGARPQB6yTb2dTs
東京,イデタチ東京,日本、〒116-0014 東京都荒川区東日暮里６丁目17番6号 「ふらっとにっぽり」5階,ChIJ-VO6e4KPGGARrwQjfCaPHP8
東京,エイトオフィス,日本、〒166-0002 東京都杉並区高円寺北２丁目１９−１１,ChIJVVWwb4fyGGARkpvch5Kr4Cs
東京,エキスパートオフィス中野CP（セントラルパーク）,日本、〒164-0001 東京都中野区中野４丁目１０−２ 中野セントラルパークサウス,ChIJL-df1p3zGGAR6c-yN5qWPgU
東京,おおたfab（おおたふぁぶ）,日本、〒144-0051 東京都大田区西蒲田７丁目４−４ 小山第２ビル 6F,ChIJq6p6C1FgGGARKRstXK7DQjQ
東京,オープンオフィス渋谷ヒルズ,日本、〒150-0031 東京都渋谷区桜丘町１５−１４ フジビル４０ 7F,ChIJX_ZQ-VmLGGARI5P7ZAi1PtY
東京,おしごとパセラ渋谷店,日本、〒150-0041 東京都渋谷区神南１丁目２２−９ パセラリゾーツ渋谷店 ５Ｆ,ChIJPa6Iv9SNGGAR2ZvkiDbKnHQ
東京,おしごとパセラ上野公園前店,日本、〒110-0005 東京都台東区上野２丁目１４−３０ パセラリゾーツ上野公園前店,ChIJrboaM_SPGGAR-Bb7eDmb3iE
東京,おしごとパセラ池袋本店,日本、〒171-0021 東京都豊島区西池袋１丁目２１−９ パセラリゾーツ池袋本店,ChIJ07LFKlyNGGARUvzKs0It3CY
東京,コワーキングスペース base Co+ 成増,日本、〒175-0094 東京都板橋区成増２丁目１７−２０ 長嶋屋ビル 4階,ChIJ91Li5K7tGGAR-yxNXSGs2Z4
東京,コワーキングスペース TatamiWorks（タタミワークス）,日本、〒156-0055 東京都世田谷区船橋１丁目２８−１３ 第一富貴荘 101,ChIJY2kmGWbzGGARvnITg-3AjIo
東京,コワーキングスペース TeaTree Studio,日本、〒105-0003 東京都港区西新橋１丁目１７−６ 高嶋ビル 4F,ChIJq6o2n-yLGGARR3nNB5mGPC0
東京,コワーキングスペース いいオフィス浜松町 by wedo,日本、〒105-0012 東京都港区芝大門１丁目６−６ 芝大門ヤマトビル 3F,ChIJWx38lueLGGARRNG2EmPHWco
東京,コワーキングスペースFOREST,日本、〒170-0013 東京都豊島区東池袋３丁目７−９ 東池袋ビル 3階 ＡＳＯＮＥ,ChIJc65NLGSNGGARKVx6BNndmGw
東京,コワーキングスペースツナグ,日本、〒120-0013 東京都足立区弘道１丁目５−２０ 第３弘道プラザ,ChIJcY-U-l6PGGARk_B4zZpEb8Q
東京,コワーキングスペース永福,日本、〒168-0063 東京都杉並区和泉３丁目７−１,ChIJYx59nlTyGGARpl3ZcbrYOlo
東京,コワーキングスペース茅場町 Co-Edo,日本、〒104-0033 東京都中央区新川１丁目３−４ ＰＡビル ５Ｆ,ChIJa8BLX1uJGGART_EBE39dacs
東京,コワーキングスペース錦糸町,日本、〒130-0022 東京都墨田区江東橋１丁目１３−７ 荒井ビル,ChIJsSLCRQCJGGARNcu2jRReRco
東京,ジザイ 荻窪,日本、〒167-0051 東京都杉並区荻窪５丁目２８−１６ 西武信用金庫 荻窪支店 2F,ChIJtV7svbHtGGARWGFePge0YR4
東京,ジザイ 蒲田,日本、〒144-0052 東京都大田区蒲田５丁目１７−２ ヒューリック蒲田ビル 6F,ChIJp1i2bJFhGGARPDTj-yzaJNY
東京,ジザイ 京急蒲田,日本、〒144-0052 東京都大田区蒲田４丁目１８−１２ クオーレイナバ 1F,ChIJ736-HAZhGGARpU33-utCncw
東京,ジザイ 錦糸町,日本、〒130-0022 東京都墨田区江東橋４丁目２７−１４ 錦糸町PARCO 7F,ChIJJUSPD0WJGGAR7WRYF4zntAs
東京,ジザイ 後楽園,日本、〒112-0002 東京都文京区小石川１丁目３−１１ ライジングプラザ後楽園 4・8F,ChIJy2g_dseNGGARmqQ6fu43y4Q
東京,ジザイ 市川,日本、〒272-0034 千葉県市川市市川１丁目４−１７ アクティオーレ市川 6F,ChIJVfRWRyWHGGARvol_gnUnJAs
東京,ジザイ 小岩,日本、〒133-0057 東京都江戸川区西小岩１丁目２７−６ YOSHIBLD 2F,ChIJg9fnyeSFGGARIzvLxNn9E7s
東京,ジザイ 小竹向原,日本、〒173-0036 東京都板橋区向原２丁目３６−４ 貸店舗1F・2F,ChIJw1S1SIDtGGARy_JZGQHd1S8
東京,ジザイ 上石神井,日本、〒177-0044 東京都練馬区上石神井１丁目１４−８ P&Gビル 2F,ChIJ531L32vvGGAR0hPFof3bbDE
東京,ジザイ 新井薬師前,日本、〒164-0002 東京都中野区上高田３丁目２１−１４ 西田ビルヴィラサンヴェール1F ヴィラサンヴェール,ChIJDavAMFvzGGARY_khuhO7ZPQ
東京,ジザイ 西葛西,日本、〒134-0088 東京都江戸川区西葛西６丁目８−１０ 朝日生命西葛西ビル 5F,ChIJmZ66U3mHGGARbtqDKv5Kvpc
東京,ジザイ 西新井,日本、〒123-0843 東京都足立区西新井栄町１丁目１７−１ パサージオ西新井 4F,ChIJ026Zs-2RGGARnaVqmkwzj2w
東京,ジザイ 西台,日本、〒175-0082 東京都板橋区高島平１丁目８３−１ 西台ＮＣビル 5F,ChIJo7VtJbftGGARKPWoWgWXLSQ
東京,ジザイ 浅草,日本、〒111-0034 東京都台東区雷門２丁目２０−８ ASAKUSA FORONE BLDG 3F,ChIJxd7qfSWPGGARaysAwZLALqY
東京,ジザイ 大岡山,日本、〒145-0062 東京都大田区北千束３丁目３１−７ 城南信用金庫 大岡山支店 2F,ChIJ0bLmD7b1GGARTXxKy0wYZro
東京,ジザイ 竹ノ塚,日本、〒121-0813 東京都足立区竹の塚１丁目４１−１０ T・スクエア 7F,ChIJg-IpnjuRGGARNpEX74yf4s0
東京,ジザイ 中目黒,日本、〒153-0051 東京都目黒区上目黒３丁目３−１４ アサヒ電機・朝日生命中目黒ビル 7F,ChIJozJZ9GqLGGARF8mII-w2SiE
東京,ジザイ 中野,日本、〒164-0001 東京都中野区中野２丁目３０−８ 中野パールスカイビル Ⅱ-8階,ChIJJSfzsAnzGGARRtAo56LmCuA
東京,ジザイ 中野2,日本、〒164-0001 東京都中野区中野５丁目６５−５ S・K中野ビル 6F,ChIJJQwljt_zGGARu3k5ip0l3_s
東京,ジザイ 中野坂上,日本、〒164-0011 東京都中野区中央２丁目９−１ サン・ロータスビル 6F,ChIJkx9LRXnzGGAREwitj0tnpTw
東京,ジザイ 町屋,日本、〒116-0002 東京都荒川区荒川６丁目１−２ 城北信用金庫花の木橋出張所 1F,ChIJ3dSWcZCPGGARurLMka6I9xI
東京,ジザイ 東陽町,日本、〒135-0016 東京都江東区東陽４丁目４−２ 深川郵便局 2F,ChIJLUNk9lWIGGARaPJiKWJ7mEk
東京,ジザイ 日暮里,日本、〒116-0013 東京都荒川区西日暮里２丁目１９−７ 日暮里駅前東忠ビル 8F 東忠ビル,ChIJWzfyw0aNGGAR6jbLklINJw8
東京,ジザイ 梅ヶ丘,日本、〒154-0022 東京都世田谷区梅丘１丁目３１−３６ 梅ヶ丘3ブロック 1F,ChIJvS2uZjTzGGARwsDs-dyx74Q
東京,ジザイ 板橋本町,日本、〒174-0053 東京都板橋区清水町３６−１ 板橋本町ビル 5F,ChIJOW-XgF-TGGARSO5Wpo-qlaE
東京,ジザイ 北千住,"日本、〒120-0034 東京都足立区千住２丁目５５ 三井住友銀行千住支店 5,6F",ChIJpawyL8ePGGARYKLCYVhCwDM
東京,ジザイ 目黒,日本、〒141-0021 東京都品川区上大崎２丁目１６−５ 目黒ステーションサイドビル 8F,ChIJEcZySh6LGGARZIGiElLGQb0
東京,ジザイ 門前仲町,日本、〒135-0047 東京都江東区富岡１丁目６−３ EMISHIA門前仲町 5F,ChIJj_ztoIaJGGARcQGlves7wis
東京,ジザイ 練馬,日本、〒176-0012 東京都練馬区豊玉北５丁目１７−１７ 朝日生命練馬ビル 1F,ChIJqyPWMf7tGGARf5HBkTDlI0g
東京,ジザイ 練馬2,日本、〒176-0001 東京都練馬区練馬１丁目４−１ ユニティフォーラム Ⅱ3F,ChIJo1yG2fftGGARX2uQohD5Xbw
東京,シンクーカン東京コワーキングスペース,日本、〒152-0031 東京都目黒区中根２丁目１１−５ クルミビル ２Ｆ,ChIJA1HZsHL1GGARotxczcyDPoU
東京,スペースジャパン,日本、〒123-0843 東京都足立区西新井栄町３丁目８−３,ChIJf8uHNvCRGGARXZbNmrgQTtE
東京,セルオフィス目黒,日本、〒153-0063 東京都目黒区目黒１丁目４−１６ 目黒Gビル ７F,ChIJKXy9J_GLGGARqzG2BvSu6fU
東京,ツムギバ,日本、〒116-0014 東京都荒川区東日暮里６丁目17番6号 ふらっとにっぽり 3階,ChIJe8xRuDePGGARU2w9WFr0eig
東京,テイクアナップ（TAKE A NAP）千川幸町店 コワーキングスペース,日本、〒173-0034 東京都板橋区幸町６６−４ HacksGarden201,ChIJvRsuEQmTGGARvtRU254-MUM
東京,ニュー新橋コワーキング,日本、〒105-0004 東京都港区新橋２丁目１６−１ ニュー新橋ビル ３０５C,ChIJCYG4KuqLGGAR0KYbO1yHUf8
東京,パズル浅草橋 レンタルスペース＆カフェ,日本、〒111-0053 東京都台東区浅草橋５丁目２−３ 鈴和ビル 2F,ChIJXcZitK-OGGAR6Vpp7BhsDO0
東京,パセラのコワーク東新宿店,日本、〒160-0022 東京都新宿区新宿７丁目２６−７,ChIJOyHYrt-MGGARHEPXTfiPYjQ
東京,ビジネスエアポート渋谷フクラス,日本、〒150-0043 東京都渋谷区道玄坂１丁目２−３ 渋谷フクラス 17階,ChIJ-wlYWGKLGGARm2DvmrjVRQw
東京,ビジネスエアポート新橋,日本、〒105-0004 東京都港区新橋１丁目１２−９ 新橋プレイス 6F･7F･8F,ChIJEdy3IoCLGGARh7oyhiqhAaU
東京,ビジネスエアポート神田,日本、〒101-0045 東京都千代田区神田鍛冶町３丁目４ Oak 7階,ChIJ3wEtOQKMGGARKRUgWVOZMaA
東京,ビジネスエアポート竹芝,日本、〒105-7508 東京都港区海岸１丁目７−１ 東京ポートシティ竹芝オフィスタワ 8F,ChIJW7CXV-KLGGARyzmgd8_loec
東京,ビジネスエアポート品川,日本、〒108-0075 東京都港区港南２丁目１６−２ 太陽生命品川ビル 28階,ChIJ-49gGVuKGGARjl2bhNoUwN4
東京,ビジネスポート竹の塚,日本、〒121-0813 東京都足立区竹の塚１丁目４０−１５ 庄栄ビル ５階,ChIJ4YhWb5aRGGAR6IVVocwOgBo
東京,プライムオフィス東神田,日本、〒101-0031 東京都千代田区東神田１丁目２−２ PRIME OFFICE,ChIJI-0jwOyPGGAR7OJOmhs1ijc
東京,リージャス錦糸町アルカセントラルビジネスセンター,日本、〒130-0013 東京都墨田区錦糸１丁目２−１ 14F,ChIJC3Cf2PuLGGARtGNwjh-eIYo
東京,リージャス渋谷マークシテイ,日本、〒150-0043 東京都渋谷区道玄坂１丁目１２−１ 渋谷マークシティ 16F 22F,ChIJEy1qNlSLGGARRiJLq8YPzM0
東京,リブポート品川,日本、〒108-0075 東京都港区港南１丁目８−１５ Wビル,ChIJtUwu-8SLGGARfdYEFDq1sv4
東京,レンタルオフィス billage SHIBUYA 二宮ビル,日本、〒150-0031 東京都渋谷区桜丘町１８−４ 二宮ビル 1F,ChIJodiIZEuLGGAR8s_RXafKdg8
東京,レンタルオフィス THE HUB 渋谷 nex Inc.,"日本、〒150-0002 東京都渋谷区渋谷３丁目６−２ 4,5,8F エクラート",ChIJXyuSfsCLGGARK3QMKM4AHtg
東京,レンタルオフィス THE HUB 大塚 nex Inc.,"日本、〒170-0005 東京都豊島区南大塚３丁目５０−１ ウィンド大塚ビル 3,4F",ChIJEWhSH3SNGGAR4jfesVObTFY
東京,レンタルオフィス THE HUB 有楽町EAST nex Inc.,日本、〒104-0031 東京都中央区京橋３丁目３−１３ 平和ビル3号館 3F,ChIJn2kUvXKLGGAR1Je9Ig-htBY
東京,レンタルオフィス ハローオフィス蒲田東,日本、〒144-0052 東京都大田区蒲田５丁目２８−４ ＥＣＳ第２７ビル ３階,ChIJTwIT5hxhGGARXxMPl_i1yVU
東京,レンタルオフィス ハローオフィス門前仲町,日本、〒135-0033 東京都江東区深川１丁目１−２ 江東区深川１丁目１番２号 協和ビル（シャンボール門前仲町）２階 深川一丁目交差点横,ChIJFTl-QQiJGGARvU5rwBgl3tw
東京,レンタルオフィスのKAns,日本、〒164-0001 東京都中野区中野６丁目２−１９ 1F B1F,ChIJG7GpbJ7zGGARcpwyvyqcEJo
東京,レンタルサロンHaruka蒲田店,日本、〒144-0052 東京都大田区蒲田１丁目２８−１８ シャトー蒲田第５ビル 2階-C,ChIJIZV17M9hGGARGP_t3Qu7IsU
東京,ワークスタイリング 後楽園,日本、〒112-0002 東京都文京区小石川１丁目１−１ 文京ガーデンゲートタワー19階,ChIJjWAN0-aNGGARSIAruV3NA4E
東京,ワークスタイリング 大手町,日本、〒100-0004 東京都千代田区大手町１丁目２−１ Otemachi Oneタワ 6階,ChIJLXqQvkCNGGARESY1Uy4Xkkc
東京,ワークスタイリング 中目黒,日本、〒153-0051 東京都目黒区上目黒２丁目９−１ 中目黒Gs第1ビル 8階,ChIJXz2cQF2LGGARec_FetZhVEE
東京,ワークスタイリング 品川,日本、〒108-0075 東京都港区港南２丁目１６−５ 受付 Nbf 品川タワー 5階,ChIJcx7_m5SLGGARZcwOBd9CelE
東京,ワークスタイリング 北千住,日本、〒120-0034 東京都足立区千住３丁目９８ ミルディスⅡ番館 5階,ChIJU3EEq8OPGGARM_Q7kqVvIjM
東京,ワークスタイリングSOLO 練馬,日本、〒176-0012 東京都練馬区豊玉北５丁目１７−１０ BPRプレイス練馬 （旧 LOC`S NERIMA BLDG）8階,ChIJpRykxBztGGAR2PPRkHrH8Rw
東京,ワークスタイリング目黒,日本、〒141-0021 東京都品川区上大崎４丁目１−５ 目黒ヒルトップウォーク5階,ChIJxy8T3f2LGGARWOe_oeZ7dzM
東京,ワークスペース｜24Hコワーキングスペース 戸越銀座｜五反田/目黒,日本、〒142-0051 東京都品川区平塚３丁目４−１９ 浅野ビル 2F,ChIJ70DBHCuLGGAR0pOIuEBSBgo
東京,ワークスペース錦糸町,日本、〒130-0013 東京都墨田区錦糸３丁目１３−４ 国際精華ビル,ChIJc-KqJZyJGGAR6VZGNWJIEVE
東京,ワイムポート新宿舟町,日本、〒160-0006 東京都新宿区舟町7番地２ ｢舟町ビル １Ｆ・３Ｆ,ChIJx1AN2w6NGGAR7FulbibNT10
東京,ワンストップビジネスセンター池袋店,日本、〒170-0013 東京都豊島区東池袋１丁目１７−１１ パークハイツ池袋,ChIJ0bZSX2aNGGAR9tcdxKdbRuk