都道府県,施設名,住所,place_id
東京,BIZcomfort西新井,日本、〒121-0816 東京都足立区梅島３丁目３３−６ EMBLEM西新井 2F・3F,ChIJjWi8ZMeRGGAREajkDsTrA48
東京,ジザイ 西新井,日本、〒123-0843 東京都足立区西新井栄町１丁目１７−１ パサージオ西新井 4F,ChIJ026Zs-2RGGARnaVqmkwzj2w
東京,スペースジャパン,日本、〒123-0843 東京都足立区西新井栄町３丁目８−３,ChIJf8uHNvCRGGARXZbNmrgQTtE
東京,BIZcomfort北千住,日本、〒120-0035 東京都足立区千住中居町１７−２０ マルアイビル 5F・6F,ChIJC1MbnKKPGGARzL6dDQOIl-0
東京,8Knot-コワーキングスペース-五反野,日本、〒120-0015 東京都足立区足立３丁目３３−３ ヤオキン商事第2ビル 3階,ChIJN6YlMVWPGGARKQQbNp6Bpcw
東京,TOBU×BIZcomfort竹ノ塚,日本、〒121-0813 東京都足立区竹の塚６丁目６−１ 駅ビル 2F・3F,ChIJ0XJ7X52RGGAR90UF6PIgT7g
東京,加瀬のレンタルオフィス西新井,日本、〒123-0843 東京都足立区西新井栄町２丁目３−７ 第１１１新井ビル 3階,ChIJ6cBdaeaRGGARB9aec4ZiTT8
東京,てんくんスペース 「コワーキングスペース/自習室」,日本、〒121-0813 東京都足立区竹の塚１丁目１３−１３,ChIJkyn8qWeRGGARBSK5znUwq0k
東京,ビジネスポート竹の塚,日本、〒121-0813 東京都足立区竹の塚１丁目４０−１５ 庄栄ビル ５階,ChIJ4YhWb5aRGGAR6IVVocwOgBo
東京,ジザイ 竹ノ塚,日本、〒121-0813 東京都足立区竹の塚１丁目４１−１０ T・スクエア 7F,ChIJg-IpnjuRGGARNpEX74yf4s0
東京,コワーキングスペースツナグ,日本、〒120-0013 東京都足立区弘道１丁目５−２０ 第３弘道プラザ,ChIJcY-U-l6PGGARk_B4zZpEb8Q
東京,H¹T 北千住西口,日本、〒120-0034 東京都足立区千住３丁目９２,ChIJK5tVXE-OGGARWLkvV6j3HNo
東京,KNOW HOW 北千住,日本、〒120-0033 東京都足立区千住寿町８−１８ 柏崎ビル 201号室,ChIJCZhbfduPGGARpxVYXRlL0zo
東京,ワークスタイリング 北千住,日本、〒120-0034 東京都足立区千住３丁目９８ ミルディスⅡ番館 5階,ChIJU3EEq8OPGGARM_Q7kqVvIjM
東京,BIZcomfort西日暮里,日本、〒116-0013 東京都荒川区西日暮里６丁目３７−１,ChIJOx1JZAiNGGARHxV00GoKMv8
東京,ジザイ 北千住,"日本、〒120-0034 東京都足立区千住２丁目５５ 三井住友銀行千住支店 5,6F",ChIJpawyL8ePGGARYKLCYVhCwDM
東京,Pao Work 北千住,日本、〒120-0026 東京都足立区千住旭町２０−１２,ChIJZd_PeBWPGGARrb59Usubr0E
東京,NewWork北千住1F,日本、〒120-0036 東京都足立区千住仲町１９−８ 太陽生命千住ビル 1F,ChIJb9KLXUOPGGAR3K-_YEs4uro
東京,NewWork 北千住5F,日本、〒120-0036 東京都足立区千住仲町１９−８ 太陽生命保険千住支社 5階,ChIJK_Fq1KiPGGARxDf0Nkzjd1g
東京,カケルハコ 日暮里店,日本、〒116-0014 東京都荒川区東日暮里６丁目４２−１ 壮光舎日暮里ビル 2階,ChIJfcloLaSPGGARk_-p9_irXTg
東京,ivyCafe NEIGHBOR&WORK 町屋（アイビーカフェ町屋）,日本、〒116-0001 東京都荒川区町屋３丁目１４−１,ChIJ7y7L1XKOGGARmqWdTb-7nyQ
東京,カケルハコ 日暮里店,日本、〒116-0014 東京都荒川区東日暮里６丁目４２−１ 壮光舎日暮里ビル 2階,ChIJfcloLaSPGGARk_-p9_irXTg
東京,H¹T 日暮里（エイチワンティー）,日本、〒116-0013 東京都荒川区 東京都荒川区西日暮里2-19-7日暮里駅前東忠ビル 9F,ChIJ9VDhCyqNGGAR1J60yhy2kNw
東京,BIZcomfort日暮里,日本、〒116-0014 東京都荒川区東日暮里５丁目５０−５ アートホテル日暮里ラングウッド 3F,ChIJTcs5Kn-PGGARmXv-nr_c8Dw
東京,COSA ON,日本、〒116-0001 東京都荒川区町屋１丁目３−１２ COSA ON204,ChIJc2xqdZmPGGARCZBP0fm2tWw
東京,BIZcomfort西日暮里,日本、〒116-0013 東京都荒川区西日暮里６丁目３７−１,ChIJOx1JZAiNGGARHxV00GoKMv8
東京,ジザイ 町屋,日本、〒116-0002 東京都荒川区荒川６丁目１−２ 城北信用金庫花の木橋出張所 1F,ChIJ3dSWcZCPGGARurLMka6I9xI
東京,イデタチ東京,日本、〒116-0014 東京都荒川区東日暮里６丁目17番6号 「ふらっとにっぽり」5階,ChIJ-VO6e4KPGGARrwQjfCaPHP8
東京,BIZcomfort北千住,日本、〒120-0035 東京都足立区千住中居町１７−２０ マルアイビル 5F・6F,ChIJC1MbnKKPGGARzL6dDQOIl-0
東京,ジザイ 日暮里,日本、〒116-0013 東京都荒川区西日暮里２丁目１９−７ 日暮里駅前東忠ビル 8F 東忠ビル,ChIJWzfyw0aNGGAR6jbLklINJw8
東京,初恋の茶碗むし (レンタルスペース),日本、〒116-0002 東京都荒川区荒川６丁目17−２ 2階,ChIJ-6Ol1v-PGGARltUp2mZqWOc
東京,&AND HOSTEL MINAMISENJU,日本、〒116-0003 東京都荒川区南千住３丁目２−９,ChIJ2-nzIc2PGGARGuTezG1SN0o
東京,コワスペ日暮里,日本、〒116-0013 東京都荒川区西日暮里２丁目116−００１３ 高橋ビル 2F,ChIJY3c17fePGGARlnsUNGMLT8U
東京,加瀬のレンタルオフィス東日暮里,日本、〒116-0014 東京都荒川区東日暮里４丁目２７−１１ プラーズ東日暮里２ Ⅱ 2 4階,ChIJC_8LEIeOGGARlxSYgDZR4YA
東京,reboot - コワーキング / シェアオフィス / シェアアトリエ,日本、〒110-0004 東京都台東区下谷１丁目１１−１５ ソレイユ入谷 2F,ChIJv4EBCpCOGGAR5f_J9Qrhpk4
東京,ツムギバ,日本、〒116-0014 東京都荒川区東日暮里６丁目17番6号 ふらっとにっぽり 3階,ChIJe8xRuDePGGARU2w9WFr0eig
東京,BIZcircle西日暮里,日本、〒116-0013 東京都荒川区西日暮里６丁目３７−１,ChIJySc57q-NGGARYprtDuqkybU
東京,ＢＩＺｆｉｅｌｄ日暮里,日本、〒114-0012 東京都北区田端新町１丁目７−１４,ChIJeQmXU9mNGGARVFJ52t_Ijvg
東京,HEREON西日暮里 個室ワーキングスペース,日本、〒116-0013 東京都荒川区西日暮里５丁目３１−１０ ワイメア・ヴァレ 901号室,ChIJCaquJnSNGGARj3mQluqzLRQ
東京,福祉開発ラボ コワーキングスペース,日本、〒173-0004 東京都板橋区板橋２丁目６４−１３ G・L・O板橋 7階,ChIJ-0yg2DSTGGAR4CZOStTgw08
東京,いいオフィス志村坂上（コワーキングスペース/リモートワーク/オンライン会議/会議室）,日本、〒174-0056 東京都板橋区志村１丁目１３−１４ ニューライフ志村坂上 ２Ｆ,ChIJld_tQHCTGGARMWet7ZhhGOk
東京,商店街コワーキングスペースWaOh！,日本、〒173-0023 東京都板橋区大山町４０−６,ChIJF9Lzn3GTGGARRWN1dSXiS98
東京,ジザイ 板橋本町,日本、〒174-0053 東京都板橋区清水町３６−１ 板橋本町ビル 5F,ChIJOW-XgF-TGGARSO5Wpo-qlaE
東京,BIZcomfort板橋大山,日本、〒173-0023 東京都板橋区大山町１２−２ DT大山町 3F・4F・5F,ChIJjfKVzh-TGGARnfJnLR5OqV0
東京,テイクアナップ（TAKE A NAP）大山幸町店 コワーキングスペース,日本、〒173-0034 東京都板橋区幸町８−４ 福運堂ビル 3F,ChIJddFZSWuTGGARlzc2LO7yl5I
東京,BIZcomfort中板橋,日本、〒173-0021 東京都板橋区弥生町３３−３ 三春ビル 5F,ChIJs-PWhSOTGGARfdzwEcqgm2A
東京,テイクアナップ（TAKE A NAP）千川幸町店 コワーキングスペース,日本、〒173-0034 東京都板橋区幸町６６−４ HacksGarden201,ChIJvRsuEQmTGGARvtRU254-MUM
東京,BIZcircle板橋本町,日本、〒174-0062 東京都板橋区富士見町１４−５,ChIJr9kLp4WTGGARo-XLXIhTpxE
東京,レンタルスペース板橋,日本、〒173-0001 東京都板橋区本町１,ChIJzzcNfN6TGGARVjrjgrdMqXQ
東京,コワーキングスペース base Co+ 成増,日本、〒175-0094 東京都板橋区成増２丁目１７−２０ 長嶋屋ビル 4階,ChIJ91Li5K7tGGAR-yxNXSGs2Z4
東京,Coworking space HITOSHIGOTO,日本、〒174-0052 東京都板橋区蓮沼町２６−２,ChIJs3pOAomTGGARUlEST8gLDi8
東京,レンタルスペース【プロジェクト】,日本、〒173-0014 東京都板橋区大山東町５８−２１ ネオラスタ,ChIJWd5u-pqTGGARJZEnPKJFyuU
東京,コワーキングスペースFOREST,日本、〒170-0013 東京都豊島区東池袋３丁目７−９ 東池袋ビル 3階 ＡＳＯＮＥ,ChIJc65NLGSNGGARKVx6BNndmGw
東京,BIZcomfort川口,日本、〒332-0023 埼玉県川口市飯塚１丁目２−１６ 川口ホームズマンション 1F,ChIJiZ1hD2mTGGAR8XtkzSJ65ds
東京,いいオフィス赤羽（コワーキングスペース/会議室あり）,日本、〒115-0045 東京都北区赤羽１丁目１−６ 赤羽駅前第2ビル 4階,ChIJoxYVpw2TGGARY2ppiZYLttY
東京,ジザイ 西台,日本、〒175-0082 東京都板橋区高島平１丁目８３−１ 西台ＮＣビル 5F,ChIJo7VtJbftGGARKPWoWgWXLSQ
東京,ジザイ 小竹向原,日本、〒173-0036 東京都板橋区向原２丁目３６−４ 貸店舗1F・2F,ChIJw1S1SIDtGGARy_JZGQHd1S8
東京,アカコ,日本、〒115-0045 東京都北区赤羽１丁目５９−８ ヒノデビル 4F,ChIJ2_zDcRuTGGAR8wz3_S60ea4
東京,BIZcomfort東十条,日本、〒114-0032 東京都北区中十条３丁目３５−１ 桑沢ビル 5F,ChIJbTEh8xOTGGARxzUn-A8EWXg
東京,葛西BASE,日本、〒134-0084 東京都江戸川区東葛西５丁目１２−６ カワマンビル ３０１,ChIJ9y40sDmHGGAR8-RQBv3UGPg
東京,いいオフィス小岩,日本、〒133-0057 東京都江戸川区西小岩１丁目２３−１８ リッカー小岩ビル 5階,ChIJD1Ye7FuFGGARTR61Z_F1a9c
東京,SoloTime 西葛西,日本、〒134-0088 東京都江戸川区西葛西６丁目９−１２ 西葛西トーセイビル 7階B号室,ChIJc_IvSKGHGGARBn6LVWG2ksQ
東京,葛西スペース / KASAI SPACE,日本、〒134-0084 東京都江戸川区東葛西６丁目５−１９,ChIJM2g8bYCHGGARQGlPOwD8RBc
東京,JustOffice西葛西,日本、〒134-0088 東京都江戸川区西葛西３丁目２２−１０,ChIJwVGzIgyHGGARU9358tawOeY
東京,Suup コナカ南小岩店,日本、〒133-0056 東京都江戸川区南小岩３丁目２９−８,ChIJs3eYeiuHGGARCaxfX5nRUp0
東京,いいオフィス新小岩by ito-Technoコワーワーキングスぺース,日本、〒124-0023 東京都葛飾区東新小岩５丁目２−２０ 信和商会ビル 2階,ChIJ5e-tUfKHGGARtXeDKklOzdM
東京,ブリッジレンタルスペース（B2RIDGE）,日本、〒133-0065 東京都江戸川区南篠崎町３丁目１−２ 渡辺ビル 2階,ChIJD7l0MR-HGGARR_3itlbEjBo
東京,ジザイ 小岩,日本、〒133-0057 東京都江戸川区西小岩１丁目２７−６ YOSHIBLD 2F,ChIJg9fnyeSFGGARIzvLxNn9E7s
東京,BIZcomfort葛西,日本、〒134-0083 東京都江戸川区中葛西５丁目４１−１０ BPRプレイス葛西 6F・7F,ChIJQRV1GLOHGGARHqyjgMuhdVM
東京,ジザイ 西葛西,日本、〒134-0088 東京都江戸川区西葛西６丁目８−１０ 朝日生命西葛西ビル 5F,ChIJmZ66U3mHGGARbtqDKv5Kvpc
東京,レンタルスペース ここくる西葛西,日本、〒134-0088 東京都江戸川区西葛西６丁目１５−１１ ホテルコスモ西葛西 402,ChIJxw0qq0iHGGARZDhjBU0tGJM
東京,H¹T 新小岩（エイチワンティー）,日本、〒124-0024 東京都葛飾区新小岩１丁目４４−２ クッターナA 棟5F,ChIJr2lfiqGHGGARmNhXRHWnG_U
東京,BIZcomfort江戸川瑞江,日本、〒132-0011 東京都江戸川区瑞江２丁目５−３ グレイス瑞江 2F,ChIJz4j8GF6HGGARgFJifT43Ubs
東京,BIZcomfort亀戸南,日本、〒136-0071 東京都江東区亀戸７丁目４４−２,ChIJvbTSN3iJGGARDKJuFIVQVjE
東京,KOITTO TERRACE｜コイットテラス,日本、〒133-0056 東京都江戸川区南小岩７丁目２４−２０ FIRSTA Ⅰ（ファスタワン）１階,ChIJUcllvTeFGGARa3gZV4n9S1c
東京,いいオフィス葛西 by ウエスタン,日本、〒134-0083 東京都江戸川区中葛西３丁目３４−１３ ガーデンシティ葛西 ２F,ChIJSYJuQ0SHGGARxrb6mbqk7gE
東京,ジザイ 市川,日本、〒272-0034 千葉県市川市市川１丁目４−１７ アクティオーレ市川 6F,ChIJVfRWRyWHGGARvol_gnUnJAs
東京,H¹T 西葛西（エイチワンティー）,日本、〒134-0088 東京都江戸川区西葛西６丁目８−１０ 朝日生命西葛西ビル 6階,ChIJTUyCi4GHGGARROCxDUMDwDM
東京,ジザイ 西葛西2,日本、〒134-0088 東京都江戸川区西葛西３丁目１５−９ 共栄ビル 7F,ChIJP_aJgeOHGGARyjx4vEAq7c0
東京,おおたfab（おおたふぁぶ）,日本、〒144-0051 東京都大田区西蒲田７丁目４−４ 小山第２ビル 6F,ChIJq6p6C1FgGGARKRstXK7DQjQ
東京,いいオフィス蒲田,日本、〒144-0051 東京都大田区西蒲田７丁目２８−５ 中島ビル 地下1F,ChIJk_-5YAthGGARyGqIT14lsHc
東京,BIZcircle大田長原,日本、〒145-0064 東京都大田区上池台１丁目７−１６ スマートキューブ長原,ChIJq6rdTbaKGGARy-_9a3jQlqc
東京,MID POINT大森,日本、〒143-0023 東京都大田区山王２丁目５−１３ 大森北口ビル 5F,ChIJkWTobA5hGGARrpPfv7ujU6M
東京,BIZcomfort蒲田,日本、〒144-0052 東京都大田区蒲田５丁目２１−１３ ペガサスステーションプラザ蒲田 B2,ChIJNWdGlslhGGARAG1TqjhRCwc
東京,SO!Oomori（大森）,日本、〒143-0023 東京都大田区山王２丁目１−２ 大森ステーションボックス,ChIJG8aj2e9hGGAR0gIvYQysrVQ
東京,Pabrid（パブリッド）大森【コワーキングスペース/イベントスペース】,日本、〒140-0013 東京都品川区南大井６丁目１７−１０ 大森レインボービル 8階,ChIJ_4BcSpZhGGARxMMuy7E_-_s
東京,NewWork 蒲田,日本、〒144-0051 東京都大田区西蒲田８丁目１−５ 東急西蒲田ビル 3F,ChIJv9VO181hGGARyV3i_sn8bvY
東京,BIZcomfort大森山王,"Sanno Bridge, ２丁目-５-６ 山王 大田区 東京都 143-0023 日本",ChIJV4f2oi1hGGARhV0bdxUX8Rk
東京,PiO PARK,日本、〒144-0041 東京都大田区羽田空港１丁目１−４ HICity ZONE K 201,ChIJZ_UZHFlhGGARMzRIhYvVj6k
東京,KOCA,日本、〒143-0015 東京都大田区大森西６丁目１７−１７,ChIJTXsQUilhGGARGJZkk3Y5hE4
東京,レンタルオフィス ハローオフィス蒲田東,日本、〒144-0052 東京都大田区蒲田５丁目２８−４ ＥＣＳ第２７ビル ３階,ChIJTwIT5hxhGGARXxMPl_i1yVU
東京,ジザイ 蒲田,日本、〒144-0052 東京都大田区蒲田５丁目１７−２ ヒューリック蒲田ビル 6F,ChIJp1i2bJFhGGARPDTj-yzaJNY
東京,HAKADORU アトレ大森店,日本、〒143-0016 東京都大田区大森北１丁目６−１６ アトレ大森店 ５Ｆ,ChIJKxpfH4NhGGAR-4BAfq2PABI
東京,大田区南六郷創業支援施設│六郷BASE,日本、〒144-0045 東京都大田区南六郷３丁目１０−１６ 六郷BASE,ChIJR7DcUxhhGGARBnvwO_QTHYo
東京,ジザイ 大岡山,日本、〒145-0062 東京都大田区北千束３丁目３１−７ 城南信用金庫 大岡山支店 2F,ChIJ0bLmD7b1GGARTXxKy0wYZro
東京,BIZcomfort京急大森町,日本、〒143-0015 東京都大田区大森西３丁目２８−５ コスモリード大森 西2F,ChIJR4v3txphGGARBqqa6KAaXTI
東京,ジザイ 京急蒲田,日本、〒144-0052 東京都大田区蒲田４丁目１８−１２ クオーレイナバ 1F,ChIJ736-HAZhGGARpU33-utCncw
東京,HANPAはすぬま,日本、〒146-0094 東京都大田区東矢口３丁目１７−８ 柏アパート B 11号室,ChIJsdF90BdhGGARPZj8jCs7V9Q
東京,レンタルサロンHaruka蒲田店,日本、〒144-0052 東京都大田区蒲田１丁目２８−１８ シャトー蒲田第５ビル 2階-C,ChIJIZV17M9hGGARGP_t3Qu7IsU
東京,NAGAYA 清澄白河駅前,"越前屋ビル 2F, １丁目-８-３ 三好 江東区 東京都 135-0022 日本",ChIJ0WjdrUqJGGARWcs_H9O_L1k
東京,COTOLIBA北砂,日本、〒136-0073 東京都江東区北砂２丁目１７−１ アリオ北砂 ３階,ChIJdc46OY2JGGARK4x0abMviFg
東京,Coworking Space /MONZ SPACE 築地,日本、〒104-0045 東京都中央区築地４丁目３−８ 登喜和ビル ５階,ChIJOcB-3WaLGGARRZtZ-1S2dTM
東京,TimePort木場 レンタル・ワーキングスペース,日本、〒135-0042 東京都江東区木場５丁目３−４ 入口は建物横側の新田橋手前 コータス木場,ChIJu4TUS6aJGGARCBx4DourQ2Q
東京,whoワークラウンジ｜コワーキングスペース,日本、〒103-0004 東京都中央区東日本橋３丁目６−１２ 東日本パークビル 6階,ChIJGd52-f-JGGARb-5hGCLXMtM
東京,レンタルオフィス ハローオフィス門前仲町,日本、〒135-0033 東京都江東区深川１丁目１−２ 江東区深川１丁目１番２号 協和ビル（シャンボール門前仲町）２階 深川一丁目交差点横,ChIJFTl-QQiJGGARvU5rwBgl3tw
東京,CITY CREATION門前仲町レンタルオフィス,日本、〒135-0047 東京都江東区富岡１丁目２４−２,ChIJx9nidHSJGGARgZA_csYQ8U4
東京,S-TOKYO,日本、〒103-0001 東京都中央区日本橋小伝馬町１６−５ S-TOKYO,ChIJlega8hWPGGARcaidShabI98
東京,コワーキングスペース茅場町 Co-Edo,日本、〒104-0033 東京都中央区新川１丁目３−４ ＰＡビル ５Ｆ,ChIJa8BLX1uJGGART_EBE39dacs
東京,TOKYOシェアオフィス墨田,日本、〒130-0004 東京都墨田区本所３丁目１５−５,ChIJeV_dvXKPGGAR-f6ZD_viIT8
東京,ジザイ 東陽町,日本、〒135-0016 東京都江東区東陽４丁目４−２ 深川郵便局 2F,ChIJLUNk9lWIGGARaPJiKWJ7mEk
東京,CocoDesk 清澄白河駅,日本、〒135-0021 東京都江東区白河１丁目６−１３,ChIJm9d74IyJGGAR4WU-yCLXxoU
東京,H¹T 東京ビッグサイト前（エイチワンティー）,日本、〒135-0063 東京都江東区有明３丁目７−２６ 有明フロンティアビル B棟 ２F215区画,ChIJh7FgmViJGGAR4OiGnBpqqYU
東京,BIZcircle東陽町,日本、〒135-0016 東京都江東区東陽３丁目２３−２６ 東陽町コーポラス 3F,ChIJV2L-IwCJGGARB35WCMstOmY
東京,H¹T 東陽町（エイチワンティー）,日本、〒135-0016 東京都江東区 東京都江東区東陽4-1-19 Fine Crest M'S 5F 東,ChIJlwr_0HuJGGARZ8TKqrjGkpQ
東京,ジザイ 門前仲町,日本、〒135-0047 東京都江東区富岡１丁目６−３ EMISHIA門前仲町 5F,ChIJj_ztoIaJGGARcQGlves7wis
東京,BIZcomfort 豊洲市場前,日本、〒135-0061 東京都江東区豊洲６丁目４−３４ メブクス豊洲 1F,ChIJEUinIgCJGGARVEf3e5W2I18
東京,TOMORE zero,日本、〒103-0007 東京都中央区日本橋浜町２丁目１７−８ 浜町平和ビル 1階,ChIJ3zccaX-JGGARhEiPTx1b6xM
東京,STAYUP（ステイアップ）日本橋箱崎,"日本、〒103-0015 東京都中央区日本橋箱崎町３０−１, A.I.Nihombashi East, 1F",ChIJZ08DQc6JGGARkBMsBYx-5cA
東京,BIZcomfort錦糸町,日本、〒130-0022 東京都墨田区江東橋４丁目２７−１４ 楽天地ビル 3F,ChIJ4dVOFlCJGGARSTWWh8zafGw
東京,Ray Terrace,日本、〒140-0001 東京都品川区北品川１丁目２２−７ 石田北品川ビル2・3階,ChIJW2dzutKLGGARSIy5o8Hi0Mg
東京,ビジネスエアポート品川,日本、〒108-0075 東京都港区港南２丁目１６−２ 太陽生命品川ビル 28階,ChIJ-49gGVuKGGARjl2bhNoUwN4
東京,リブポート品川,日本、〒108-0075 東京都港区港南１丁目８−１５ Wビル,ChIJtUwu-8SLGGARfdYEFDq1sv4
東京,BIZcomfort 品川Skyway,日本、〒108-0075 東京都港区港南２丁目１７−１ 京王品川ビル 2F,ChIJhb6Km3OLGGAR1wiK-vALzjo
東京,BIZcomfort品川大井町,日本、〒140-0004 東京都品川区南品川２丁目２−５ リードシー南品川ビル 2F,ChIJLSWuIaKLGGAR3pgeHDso7rg
東京,AWS Startup Loft Tokyo,日本、〒141-0021 東京都品川区上大崎３丁目１−１ 目黒セントラルスクエア 17F アマゾン新目黒オフィス,ChIJAwIIyMmLGGARgSXAT7lGl_4
東京,SPACES品川,日本、〒108-0075 東京都港区港南２丁目１６−１ 7F･8F 品川イーストワンタワー,ChIJ89sJctGLGGARXh3JQzLFcNs
東京,品川産業支援交流施設・ＳＨＩＰ,日本、〒141-0001 東京都品川区北品川５丁目５−１５ 3F-4F,ChIJawotavaKGGARuin6Tj68pK4
東京,pao パオ,日本、〒141-0022 東京都品川区東五反田２丁目８−５,ChIJezEeavqKGGARspENQrLHjDs
東京,ワークスペース｜24Hコワーキングスペース 戸越銀座｜五反田/目黒,日本、〒142-0051 東京都品川区平塚３丁目４−１９ 浅野ビル 2F,ChIJ70DBHCuLGGAR0pOIuEBSBgo
東京,ベイカンシーオフィスゴタンダ（VACANCY OFFICE GOTANDA）,日本、〒141-0032 東京都品川区大崎４丁目１−７,ChIJsQ-x0vqKGGAReJK5oEuhV-I
東京,いいオフィス五反田駅前（コワーキングスペース/リモートワーク/会議室）,日本、〒141-0022 東京都品川区東五反田１丁目１４−１４ 北原ビル 6階,ChIJ0Z40_qOLGGARzgteTnQD3pE
東京,MID POINT大森,日本、〒143-0023 東京都大田区山王２丁目５−１３ 大森北口ビル 5F,ChIJkWTobA5hGGARrpPfv7ujU6M
東京,いいオフィス五反田 by iiO,日本、〒141-0031 東京都品川区西五反田２丁目１０−８ ドルミ五反田ドゥメゾン 306,ChIJ-5fealyLGGARBJHgtPww-oM
東京,goodroom lounge品川（goodoffice 品川）,日本、〒140-0001 東京都品川区北品川１丁目２３−１９,ChIJxQlTWsCLGGARREQfbQeW_XU
東京,ザ・パークレックス天王洲the DOCK,日本、〒140-0002 東京都品川区東品川１丁目３−１５,ChIJw7-e8gqLGGARcsf4P0DfVOk
東京,ワークスタイリング 品川,日本、〒108-0075 東京都港区港南２丁目１６−５ 受付 Nbf 品川タワー 5階,ChIJcx7_m5SLGGARZcwOBd9CelE
東京,BIZcomfort品川御殿山,日本、〒141-0001 東京都品川区北品川５丁目１２−４ リードシー御殿山 7F・8F,ChIJVy2rnLeLGGAR3OCrIv2sLKU
東京,サーブコープ 品川インターシティA棟,日本、〒108-6028 東京都港区港南２丁目１５−１ 品川インターシティＡ棟 28 階,ChIJX9SPLFuKGGARzSxXz4g-Vag
東京,BIZcomfort五反田,日本、〒141-0031 東京都品川区西五反田２丁目１４−１３ ニックハイム五反田 2F,ChIJ0_VW8DWLGGAR-gtRewpH5FU
東京,la billage,日本、〒150-0042 東京都渋谷区宇田川町３−７ ヒューリック渋谷公園通りビル 5F,ChIJt-1gz2CNGGARwGjg7KQyRy4
東京,.andwork shibuya (アンドワーク渋谷),日本、〒150-0041 東京都渋谷区神南１丁目２０−１３ The Millennials 渋谷内,ChIJceXj8aiMGGARwHUUAs1xwts
東京,MID POINT渋谷神泉,日本、〒150-0045 東京都渋谷区神泉町20番２１ クロスシー渋谷神泉ビル,ChIJC6CvjQ-LGGARfAaldgWOtGE
東京,おしごとパセラ渋谷店,日本、〒150-0041 東京都渋谷区神南１丁目２２−９ パセラリゾーツ渋谷店 ５Ｆ,ChIJPa6Iv9SNGGAR2ZvkiDbKnHQ
東京,JustCo渋谷ヒカリエ,日本、〒150-8510 東京都渋谷区渋谷２丁目２１−１ ヒカリエオフィス棟 33階,ChIJhbTvtXSLGGAR1tJCRiXYIto
東京,LULL TECH BEACH 渋谷,日本、〒150-0002 東京都渋谷区渋谷３丁目１０−１３ Tokyu Reit 渋谷Rビル B1,ChIJWW8_Cs6LGGARwCzluvuRRNQ
東京,レンタルオフィス billage SHIBUYA 二宮ビル,日本、〒150-0031 東京都渋谷区桜丘町１８−４ 二宮ビル 1F,ChIJodiIZEuLGGAR8s_RXafKdg8
東京,coin space コインスペース 渋谷マークシティ店,日本、〒150-0043 東京都渋谷区道玄坂１丁目１２−５ 渋谷マークシティ WEST4階 クリエーションスクエアしぶや内,ChIJy0synFeLGGARADh0euPqdpY
東京,アクセアカフェ渋谷店,日本、〒150-0002 東京都渋谷区渋谷３丁目１１−１１ ＩＶＹイーストビル ２Ｆ,ChIJpRjAO_OLGGARWD0hDb917fA
東京,レンタルオフィス THE HUB 渋谷 nex Inc.,"日本、〒150-0002 東京都渋谷区渋谷３丁目６−２ 4,5,8F エクラート",ChIJXyuSfsCLGGARK3QMKM4AHtg
東京,ビジネスエアポート渋谷フクラス,日本、〒150-0043 東京都渋谷区道玄坂１丁目２−３ 渋谷フクラス 17階,ChIJ-wlYWGKLGGARm2DvmrjVRQw
東京,オープンオフィス渋谷ヒルズ,日本、〒150-0031 東京都渋谷区桜丘町１５−１４ フジビル４０ 7F,ChIJX_ZQ-VmLGGARI5P7ZAi1PtY
東京,クロスオフィス,日本、〒150-0002 東京都渋谷区渋谷１丁目１２−２,ChIJ8XIb16SMGGARbnl2TaR71aw
東京,H¹O 渋谷神南,日本、〒150-0041 東京都渋谷区神南１丁目５−６,ChIJ24ZSkcmNGGAR71OBVft_xMo
東京,Plug and Play Shibuya,日本、〒150-0043 東京都渋谷区道玄坂１丁目１０−８ 渋谷道玄坂東急ビル １F/２F,ChIJCcHEU1aLGGARbuSqodoB3qA
東京,co-ba shibuya,"日本、〒150-0002 東京都渋谷区渋谷３丁目２６−１６ 第５叶ビル 5F,6F",ChIJE3J-bluLGGARgfO9VMWhpHQ
東京,リージャス渋谷マークシテイ,日本、〒150-0043 東京都渋谷区道玄坂１丁目１２−１ 渋谷マークシティ 16F 22F,ChIJEy1qNlSLGGARRiJLq8YPzM0
東京,いいオフィス渋谷東口 by iiO（コワーキングスペース/リモートワーク/WEB会議）,日本、〒150-0002 東京都渋谷区渋谷２丁目２２−６ 幸和ビル 10F,ChIJZf5zawiLGGARt9y8GzjUKuM
東京,Creative Lounge MOV,日本、〒150-8510 東京都渋谷区渋谷２丁目２１−１ 8F,ChIJeQt-_1iLGGARYFO-fl4vdpE
東京,MID POINT幡ヶ谷,日本、〒151-0072 東京都渋谷区幡ケ谷１丁目２−２ 京王幡ヶ谷ビル 4F,ChIJwfF0EAjzGGARNRFEFLAB4rw
東京,Workmedi新宿-コワーキングスペース-貸会議室,日本、〒160-0023 東京都新宿区西新宿７丁目７−２６ ワコーレ新宿第一ビル 2階,ChIJP3y7O06NGGARQeZGqRE8W2Y
東京,BasisPoint 西新宿店,日本、〒160-0023 東京都新宿区西新宿５丁目８−２ 惠徳ビル 10F,ChIJXd8MIbfzGGARSulQaiiDblQ
東京,CASE Shinjuku,日本、〒169-0075 東京都新宿区高田馬場１丁目２８−１０ 三慶ビル 4F バンフォーレ,ChIJ-eXuZDmNGGARfwYs1UZozuw
東京,BASE POINT ベースポイント,日本、〒160-0023 東京都新宿区西新宿７丁目２２−３,ChIJIbfcEyqNGGARMBeffPgzQpA
東京,JustCo新宿ミライナタワー,日本、〒160-0022 東京都新宿区新宿４丁目１−６ JR新宿ミライナタワー 18F,ChIJ0VzRbBKNGGARTPFGIEbNYlc
東京,パセラのコワーク東新宿店,日本、〒160-0022 東京都新宿区新宿７丁目２６−７,ChIJOyHYrt-MGGARHEPXTfiPYjQ
東京,NewWork 新宿9F,日本、〒160-0023 東京都新宿区西新宿１丁目１７−1-9F 日本生命新宿西口ビル,ChIJAQDABNGMGGARoBd2xEF6R_4
東京,THE HUB ⻄新宿 nex Inc.,日本、〒160-0023 東京都新宿区西新宿８丁目３−１ 西新宿GFビル,ChIJExHLXiqNGGARgKwuBT1Zjnk
東京,アクセアカフェ西新宿店,日本、〒160-0023 東京都新宿区西新宿７丁目１２−３ 佐藤ビル ２Ｆ,ChIJPZ-7wQSNGGARPQB6yTb2dTs
東京,CO-Work&...新宿,日本、〒160-0022 東京都新宿区新宿２丁目１１−７ 第33宮庭ビル 5F,ChIJCd5SI6GNGGARaV9j-N86tz8
東京,FEEEP（フィープ）新宿西口店,日本、〒160-0023 東京都新宿区西新宿１丁目８−１ 新宿ビルディング B2F,ChIJ4cCHwKqNGGAREDsCUpU4AFg
東京,THE HUB 新宿 nex Inc.,日本、〒160-0022 東京都新宿区新宿４丁目３−１５ B棟3F レイフラット新宿,ChIJFweoyLCNGGARP538X6I5COc
東京,FEEEP（フィープ）新宿東口-新宿三丁目店,日本、〒160-0022 東京都新宿区新宿３丁目２９−１１ 新盛堂ビル ５Ｆ,ChIJ-7mFX02NGGARhLQrRsivazk
東京,Suup 新宿三丁目店 by 京王不動産,日本、〒160-0022 東京都新宿区新宿３丁目４−１ 5階,ChIJ508GpGWNGGARAIYuPdluOwk
東京,ワイムポート新宿舟町,日本、〒160-0006 東京都新宿区舟町7番地２ ｢舟町ビル １Ｆ・３Ｆ,ChIJx1AN2w6NGGAR7FulbibNT10
東京,THE HUB 新宿ワシントン nex Inc.,日本、〒160-0023 東京都新宿区西新宿３丁目２−９ 新宿ワシントンビル本館 2F,ChIJEZiCfkWNGGARATcaKfjZ-ak
東京,GARAGE WASEDA（コワーキングスペース/シェアオフィス）,日本、〒162-0041 東京都新宿区早稲田鶴巻町５１８ 早稲田玉井ビル 3F,ChIJ9y2AOgONGGARLl-zHppjRe4
東京,クロスオフィス,日本、〒160-0023 東京都新宿区西新宿７丁目１−１２,ChIJ4apayteMGGARWYRkYW24d4U
東京,クロスコープ 新宿SOUTHオフィス,日本、〒160-0022 東京都新宿区新宿４丁目３−１７ Forecast新宿South 3F,ChIJJb1R1dqMGGAR4mCbIIG05CA
東京,コワーキングスペースC作業場,日本、〒160-0004 東京都新宿区四谷４丁目２８−７ 吉岡ビル ４F,ChIJaXbH3aGNGGAR0l7eXozzKkE
東京,コワーキングスペース永福,日本、〒168-0063 東京都杉並区和泉３丁目７−１,ChIJYx59nlTyGGARpl3ZcbrYOlo
東京,高円寺デポ,日本、〒166-0002 東京都杉並区高円寺北２丁目３−１１ 藤の森ビル 1階,ChIJSwl-0bjzGGARQSMAnb26zHA
東京,いんにっさん 123,日本、〒166-0015 東京都杉並区成田東４丁目２９−７,ChIJa6ppOTfzGGARAF5Tarvz_RQ
東京,【法人登記可】コワーキングスペースfactoria nishiogi,"コメットビル 6F, ２丁目-３-９ 西荻北 杉並区 東京都 167-0042 日本",ChIJV5IVSQ7uGGARcQiegr5n3i4
東京,Value Work,日本、〒166-0004 東京都杉並区阿佐谷南１丁目３６−４ 三幸ビル ４F,ChIJkWLkQk_zGGARULXZcBSaXdk
東京,こけむさズ,日本、〒166-0002 東京都杉並区高円寺北３丁目１−９ 青田ビル 102,ChIJWZo6rH3yGGARMDGG7buvO2g
東京,"コワーキングカフェ・バー""mui""",日本、〒166-0003 東京都杉並区高円寺南４丁目２４−１１ 宝山ビル 112A,ChIJ0fF-_i7zGGARc_FeZv4Wjhw
東京,エイトオフィス,日本、〒166-0002 東京都杉並区高円寺北２丁目１９−１１,ChIJVVWwb4fyGGARkpvch5Kr4Cs
東京,いいオフィス高円寺,日本、〒166-0002 東京都杉並区高円寺北２丁目８−１ 内田ビル 2階,ChIJfUahWwbzGGARMDbYd41ETmY
東京,BIZcircle阿佐ヶ谷,日本、〒166-0004 東京都杉並区阿佐谷南１丁目３６−１６ 第５７東京ビル 2F,ChIJO6d_fT_tGGARRFxOJ47ABzw
東京,いいオフィス荻窪,日本、〒167-0043 東京都杉並区上荻１丁目５−２ コロナビル 5F,ChIJwaP0v8LtGGARu0Zf3K7XFoQ
東京,ジザイ 荻窪,日本、〒167-0051 東京都杉並区荻窪５丁目２８−１６ 西武信用金庫 荻窪支店 2F,ChIJtV7svbHtGGARWGFePge0YR4
東京,BIZcircle高円寺南,日本、〒166-0003 東京都杉並区高円寺南４丁目２４−１２ 竹沢ビル 2F・3F Trees高円寺,ChIJH40vSX3yGGARXUcf8T1hpQI
東京,BIZcircle西荻北,日本、〒167-0042 東京都杉並区西荻北３丁目３２−１１ Trees西荻 3F,ChIJoxbOcQ7uGGARhzOc9IvIwqw
東京,SaCuLa 芦花公園 コワーキングスペース 自習室 24時間,日本、〒168-0074 東京都杉並区上高井戸１ 21-2 第2 B101 ラサハウス,ChIJi2sEDjPzGGARjMOkGJi3SB4
東京,H¹T 荻窪（エイチワンティー）,日本、〒167-0043 東京都杉並区上荻１丁目１６−１６ 喜屋ビル 6F,ChIJn8CN2LLtGGARUz1XRiqDNhE
東京,西荻スバコ,日本、〒167-0042 東京都杉並区西荻北３丁目３１−１３ 勝三ビル,ChIJqzmHojvvGGARpcMeDDwlT4U
東京,LifeWork,日本、〒167-0053 東京都杉並区西荻南３丁目１４−７ 3F,ChIJbZplgsnvGGARgs1QhhlakUo
東京,下高井戸コワーキングスペース iNVENTO,日本、〒156-0043 東京都世田谷区松原３丁目３０−１０,ChIJ8RMQRq7zGGARKTgiYKkesnI
東京,BIZcircle荻窪,日本、〒167-0051 東京都杉並区荻窪５丁目３０−６ 福村産業荻窪ビル 3F,ChIJAQAwD_ftGGARGjZB_ek30ek
東京,TOKYOシェアオフィス墨田,日本、〒130-0004 東京都墨田区本所３丁目１５−５,ChIJeV_dvXKPGGAR-f6ZD_viIT8
東京,BIZcomfort曳舟,日本、〒131-0046 東京都墨田区京島１丁目８−８,ChIJ7amfGJePGGARPMCTLvyemqY
東京,PLAT295,日本、〒130-0002 東京都墨田区業平１丁目７−９,ChIJCxqkBMiPGGARO8znQLL3uEM
東京,NewWork錦糸町,日本、〒130-0022 東京都墨田区江東橋３丁目７−８ 日本生命錦糸町ビル 6F,ChIJGzzcZtiIGGARkboUT2WsiRo
東京,コワーキングスペース錦糸町,日本、〒130-0022 東京都墨田区江東橋１丁目１３−７ 荒井ビル,ChIJsSLCRQCJGGARNcu2jRReRco
東京,BIZcircle墨田鐘ヶ淵,日本、〒131-0031 東京都墨田区墨田５丁目５−２,ChIJrcuomOyPGGARdCM-our7JlI
東京,曳舟シェアオフィス シナプス,日本、〒131-0032 東京都墨田区東向島２丁目２４−１４ 2F,ChIJdT3tJYSPGGAR9Ke6YzgiYWo
東京,studio ai レンタルスペース・シェアオフィス,日本、〒130-0005 東京都墨田区東駒形２丁目２−６ 田中ビル 3階/4階,ChIJI3XG2CGPGGARwFx7Di4AnIk
東京,BIZcircle両国森下,日本、〒130-0025 東京都墨田区千歳２丁目５−５ クレイル両国 1F,ChIJp3XCJDaJGGARD5KevcwHng4
東京,ジザイ 錦糸町,日本、〒130-0022 東京都墨田区江東橋４丁目２７−１４ 錦糸町PARCO 7F,ChIJJUSPD0WJGGAR7WRYF4zntAs
東京,BIZcircle 業平オフィス,日本、〒130-0002 東京都墨田区業平１丁目５−１３,ChIJM-xYEtSOGGAR5-ma1m0c44o
東京,H¹T 錦糸町（エイチワンティー）,日本、〒130-0022 東京都墨田区江東橋３丁目９−１０ 丸井錦糸町店 5階,ChIJJ1gHx2aJGGAR-NN-uJxXjGM
東京,coin space コインスペース 錦糸町マルイ店,日本、〒130-0022 東京都墨田区江東橋３丁目９−１０ 錦糸町マルイ 3階,ChIJ63leCtiIGGARxZ_7lxNJybA
東京,BIZcomfort錦糸町,日本、〒130-0022 東京都墨田区江東橋４丁目２７−１４ 楽天地ビル 3F,ChIJ4dVOFlCJGGARSTWWh8zafGw
東京,SoloTime 錦糸町,日本、〒130-0013 東京都墨田区錦糸２丁目５−８ シルバーストンビル 5階,ChIJ01y9Jg6JGGARoJIMyZa08JI
東京,BIZcircle両国隅田川,"日本、〒130-0026 東京都墨田区両国１丁目８−４ 階, ７",ChIJNf98qkuJGGARDJzHYuk684Y
東京,H¹T 両国（エイチワンティー）,日本、〒130-0026 東京都墨田区両国３丁目２５−５ ＪＥＩ両国ビル 7F,ChIJCWDYziOJGGARuyyYzuMVytU
東京,リージャス錦糸町アルカセントラルビジネスセンター,日本、〒130-0013 東京都墨田区錦糸１丁目２−１ 14F,ChIJC3Cf2PuLGGARtGNwjh-eIYo
東京,CocoDesk 押上駅,日本、〒131-0045 東京都墨田区押上１丁目１−６５,ChIJW_siJ9CPGGARMpYejBjaoFc
東京,ワークスペース錦糸町,日本、〒130-0013 東京都墨田区錦糸３丁目１３−４ 国際精華ビル,ChIJc-KqJZyJGGAR6VZGNWJIEVE
東京,SYCL by KEIO（シェアオフィス・コワーキングスペース）｜世田谷区 下北沢,日本、〒155-0031 東京都世田谷区北沢２丁目１１−１５ ミカン下北A街区 4F,ChIJ-WA1uIvzGGARyrJuKMdPUvo
東京,コワーキングスペース TatamiWorks（タタミワークス）,日本、〒156-0055 東京都世田谷区船橋１丁目２８−１３ 第一富貴荘 101,ChIJY2kmGWbzGGARvnITg-3AjIo
東京,コワーキングスペース100work,日本、〒154-0023 東京都世田谷区若林４丁目２５−１４ コーナー松陰ビル 2F,ChIJR6U5Bs7zGGARJW9XhMxAiYQ
東京,下高井戸コワーキングスペース iNVENTO,日本、〒156-0043 東京都世田谷区松原３丁目３０−１０,ChIJ8RMQRq7zGGARKTgiYKkesnI
東京,LUPO 下北沢,日本、〒155-0031 東京都世田谷区北沢３丁目２７−４ 立木ビル 2F,ChIJdaXdQ9jzGGARZDiS0WqwIig
東京,三茶WORK,日本、〒154-0004 東京都世田谷区太子堂２丁目１７−５ 3F 4F,ChIJSU2_aT31GGARTUseDxJ1JAY
東京,DOTEMA,日本、〒155-0032 東京都世田谷区代沢２丁目４８−３,ChIJV0_UTajzGGARRpR2qxQdKYQ
東京,BONUS TRACK MEMBERS（シェアオフィス・コワーキングスペース）下北沢・世田谷代田,日本、〒155-0033 東京都世田谷区代田２丁目３６−12~15,ChIJUaJwz6HzGGARpbX2wVVDoCo
東京,Working cafe halo（ワーキング カフェ ハロ）,日本、〒154-0021 東京都世田谷区豪徳寺１丁目２３ ２３Cloche豪徳寺 １F,ChIJJyapAKXzGGAR3SkLqazuS7I
東京,明大前コワーキングスペース,日本、〒156-0043 東京都世田谷区松原２丁目２６−１５ 3F,ChIJo3H6kIjzGGARfi6vC3tTd-Y
東京,NewWork 桜新町​,日本、〒154-0015 東京都世田谷区桜新町１丁目１２−１０ 駅前ビル 5F,ChIJi0VZRzb1GGARCIhq7bCA9TA
東京,BIZcircle世田谷梅ヶ丘,日本、〒154-0022 東京都世田谷区梅丘１丁目１３−１２,ChIJY5ZKLHTzGGAR1rQcYHQKA1w
東京,THE FORUM 世田谷,日本、〒154-0011 東京都世田谷区上馬５丁目１５−１５,ChIJg8gIfoH0GGARe0eiTratfRw
東京,Colony#3 下北沢|コワーキング/シェアオフィス/レンタルスペース,日本、〒155-0031 東京都世田谷区北沢２丁目２７−９ 地下1階〜2階,ChIJidahIj_zGGARn5YCCrlndfI
東京,ジザイ 梅ヶ丘,日本、〒154-0022 東京都世田谷区梅丘１丁目３１−３６ 梅ヶ丘3ブロック 1F,ChIJvS2uZjTzGGARwsDs-dyx74Q
東京,BIZcomfort用賀,日本、〒158-0097 東京都世田谷区用賀４丁目９−１２ Astage用賀 B1,ChIJBaLiV7H1GGARPiGJTxYPF5A
東京,SaCuLa 明大前 コワーキングスペース 自習室 24時間,日本、〒156-0043 東京都世田谷区松原１丁目３８−８ 村山ビル 2B,ChIJxY1RYETzGGARtWMQDvfxJHQ
東京,ご近所書斎＠仙川書斎,日本、〒157-0065 東京都世田谷区上祖師谷７丁目２８−１５,ChIJdYcX2VnxGGARP0fw3DuYPdU
東京,SaCuLa 千歳烏山 コワーキングスペース 自習室 24時間,日本、〒157-0062 東京都世田谷区南烏山６丁目２７−１ 宿谷ビル 201号,ChIJBbJ54N3xGGARR5suo_M4SVA
東京,ロバート下北沢,日本、〒155-0031 東京都世田谷区北沢２丁目３０−１４ 重宗ビル 3F,ChIJqQHVBWvzGGARdxjGbJJbG_Q
東京,いいオフィス上野 by LIG,日本、〒111-0056 東京都台東区小島２丁目２０−１１ LIGビル,ChIJ34DHO5-OGGARS98cb_0kkcc
東京,BIZcomfort浅草橋,日本、〒110-0016 東京都台東区台東１丁目３８−９ イトーピア清洲橋通ビル 5F,ChIJm6PtdaWOGGARTYVzXngrP5w
東京,いいオフィス浅草橋 by PLAY & co,日本、〒111-0053 東京都台東区浅草橋２丁目１６−９,ChIJU65-ufCPGGAR_nzVlnzKt60
東京,ExeWorks上野店-レンタルオフィス＆コワーキングスペース-,日本、〒110-0015 東京都台東区東上野２丁目１３−２ 上野スカイビル,ChIJ9_wG_uqPGGARDY4xLNKXEpE
東京,おしごとパセラ上野公園前店,日本、〒110-0005 東京都台東区上野２丁目１４−３０ パセラリゾーツ上野公園前店,ChIJrboaM_SPGGAR-Bb7eDmb3iE
東京,UENO de MYoffice(ポリグロットリンク),日本、〒110-0005 東京都台東区上野７丁目４−９ 細田ビル 4F,ChIJN67SPeaPGGARByt3XRYzbJ4
東京,FEEEP（フィープ）上野店,日本、〒110-0005 東京都台東区上野６丁目１６−１５ フォーライフ上野駅前ビル 2階,ChIJtw6OzoCPGGARup0p-2yh92A
東京,BIZcomfort浅草,日本、〒111-0032 東京都台東区浅草１丁目１３−５ 井門浅草すしや通りビル,ChIJJ_2AqeyPGGARVS64Af09oLI
東京,THE BLOOM UENO,日本、〒110-0015 東京都台東区東上野３丁目１８−１,ChIJm6UgEt6PGGARGJokXYTMnNM
東京,Gokei work space,日本、〒110-1115 東京都台東区東上野３丁目１０−７ GOKEI上野Building 2階,ChIJ2y52rtaPGGARYwMLJ5fRxUI
東京,Ueno Your,日本、〒110-0005 東京都台東区上野３丁目１５−７,ChIJM0iU2R-MGGARUpLxfcMAUh0
東京,いいオフィス御徒町,日本、〒110-0005 東京都台東区上野４丁目２−１ 江戸っ子ビル 3F,ChIJ1WEYPgCPGGARzyo6ZutZR1c
東京,パズル浅草橋 レンタルスペース＆カフェ,日本、〒111-0053 東京都台東区浅草橋５丁目２−３ 鈴和ビル 2F,ChIJXcZitK-OGGAR6Vpp7BhsDO0
東京,Ueno Your 2nd,日本、〒110-0005 東京都台東区上野３丁目１４−２,ChIJQdPZu1qNGGARqr0QBZIiLLg
東京,reboot - コワーキング / シェアオフィス / シェアアトリエ,日本、〒110-0004 東京都台東区下谷１丁目１１−１５ ソレイユ入谷 2F,ChIJv4EBCpCOGGAR5f_J9Qrhpk4
東京,EDITORY浅草橋,日本、〒111-0053 東京都台東区浅草橋１丁目１９−１ 祥松ビル4F,ChIJFdldM7KOGGAR86IJ8FmuQws
東京,浅草ハコバナ,日本、〒111-0033 東京都台東区花川戸１丁目１３−１５ タイセン第3ビル3階,ChIJp1sMCEGPGGARS-FEgtJA0Jw
東京,ジザイ 浅草,日本、〒111-0034 東京都台東区雷門２丁目２０−８ ASAKUSA FORONE BLDG 3F,ChIJxd7qfSWPGGARaysAwZLALqY
東京,KoKo Base Ueno,日本、〒110-0015 東京都台東区東上野５丁目１−９ ブルックリン 2F,ChIJb5M3KXiPGGARhka9osbQmiw
東京,1/3rd Life （ワンサードライフ）,日本、〒101-0021 東京都千代田区外神田５丁目１−１０ 千住ビル 1F/2F,ChIJiaFqC6KNGGARl87ZciKIKYY
東京,コワーキングスペース茅場町 Co-Edo,日本、〒104-0033 東京都中央区新川１丁目３−４ ＰＡビル ５Ｆ,ChIJa8BLX1uJGGART_EBE39dacs
東京,Coworking Space /MONZ SPACE 築地,日本、〒104-0045 東京都中央区築地４丁目３−８ 登喜和ビル ５階,ChIJOcB-3WaLGGARRZtZ-1S2dTM
東京,S-TOKYO,日本、〒103-0001 東京都中央区日本橋小伝馬町１６−５ S-TOKYO,ChIJlega8hWPGGARcaidShabI98
東京,Social Business Lab（ソーシャルビジネスラボ）,日本、〒103-0014 東京都中央区日本橋蛎殻町１丁目２４−４ 井川ビル 2F,ChIJpcLU2ESJGGAREWW6xKvuiXQ
東京,STAYUP（ステイアップ）日本橋箱崎,"日本、〒103-0015 東京都中央区日本橋箱崎町３０−１, A.I.Nihombashi East, 1F",ChIJZ08DQc6JGGARkBMsBYx-5cA
東京,Workspace & Bar 56,日本、〒103-0013 東京都中央区日本橋人形町２丁目２１−１ ＦＳビル 5F,ChIJm4fCvEmJGGARJVmoxalHfFg
東京,東京アントレサロン,日本、〒103-0027 東京都中央区日本橋３丁目２−１４ 新槇町ビル別館 第一,ChIJa73HE_2LGGAR_6cXoln9nZA
東京,THE HUB 日本橋茅場町 nex Inc.,日本、〒103-0016 東京都中央区日本橋小網町８−２,ChIJrZxyfVqJGGARgwKBOD3UY9s
東京,レンタルオフィス THE HUB 有楽町EAST nex Inc.,日本、〒104-0031 東京都中央区京橋３丁目３−１３ 平和ビル3号館 3F,ChIJn2kUvXKLGGAR1Je9Ig-htBY
東京,EXPRESS WORK-Lounge ／ Office（エクスプレスワーク ラウンジ／オフィス）,日本、〒100-0005 東京都千代田区丸の内１丁目９−１ 丸の内中央ビル 11階,ChIJG0Xvbf2LGGARczPjlHIHg7g
東京,TOMORE zero,日本、〒103-0007 東京都中央区日本橋浜町２丁目１７−８ 浜町平和ビル 1階,ChIJ3zccaX-JGGARhEiPTx1b6xM
東京,whoワークラウンジ｜コワーキングスペース,日本、〒103-0004 東京都中央区東日本橋３丁目６−１２ 東日本パークビル 6階,ChIJGd52-f-JGGARb-5hGCLXMtM
東京,LIT HIGASHI-NIHOMBASHI,日本、〒103-0004 東京都中央区東日本橋２丁目２４−９,ChIJO7Jxt1aPGGARLDIcbq2TSuc
東京,会員制シェアオフィス「タイムリッチ銀座」,日本、〒104-0061 東京都中央区銀座４丁目１０−１４ 10-11F Acn銀座4ビルディング,ChIJfUmdw_qLGGAR10uQF8tl7-g
東京,VORT SPACE（ボルトスペース）茅場町店,日本、〒103-0025 東京都中央区日本橋茅場町１丁目１１−３ 岡本ビル 9F,ChIJcVEuYfuJGGARrW_J1Aiuywk
東京,H¹O日本橋茅場町,日本、〒103-0025 東京都中央区日本橋茅場町２丁目１２−１０,ChIJQXfClemJGGAR8sQ7ygoqv2M
東京,立志オフィス日本橋（コワーキングスペース）,日本、〒103-0023 東京都中央区日本橋本町１丁目８−１３ 日本橋滄浪閣ビル2階西,ChIJy1coVKyJGGARD_9QD8lAGWk
東京,コワーキングスペース TeaTree Studio,日本、〒105-0003 東京都港区西新橋１丁目１７−６ 高嶋ビル 4F,ChIJq6o2n-yLGGARR3nNB5mGPC0
東京,WAW日本橋,日本、〒103-0027 東京都中央区日本橋１丁目１３−１ 日鉄日本橋ビル 3階,ChIJ4cynwx-JGGAR8yZvRR3mro0
東京,4階ラボ,日本、〒104-0061 東京都中央区銀座１丁目１４−１０ 松楠ビル 4 階ラボ,ChIJ3ZFhMNOLGGARwBOQYPI5WtY
東京,CO-WORKING&JAZZCLUB EXPRESSION,日本、〒101-0051 東京都千代田区神田神保町２丁目２０−６ 恒倉ビル B1F,ChIJgf4H1FaNGGAR_rOav08R_RU
東京,Rampart,日本、〒101-0025 東京都千代田区 神田佐久間町1-14 第二東ビル303,ChIJecGNbKiOGGAR-98GIXgFdz8
東京,KOTO-BA,"神田小川町2－1 檜ビル3F/4F, 千代田区 東京都 101-0052 日本",ChIJAQB8JgWMGGARqxCITuN0eM8
東京,ナレッジソサエティ,日本、〒102-0074 東京都千代田区九段南１丁目５−６ りそな九段ビル5F,ChIJ22UfTGmMGGARao0jaaSkl60
東京,EXPRESS WORK-Lounge ／ Office（エクスプレスワーク ラウンジ／オフィス）,日本、〒100-0005 東京都千代田区丸の内１丁目９−１ 丸の内中央ビル 11階,ChIJG0Xvbf2LGGARczPjlHIHg7g
東京,THE HUB 麹町 nex Inc.,日本、〒102-0084 東京都千代田区二番町９−３ THE BASE 麹町,ChIJ_-l-Y2OMGGARMOthEi0OzAg
東京,FUSION_N,日本、〒101-0054 東京都千代田区神田錦町2-4 ダヴィンチ小川町ビル３階,ChIJoYynTQWMGGARjYpstIPWWcU
東京,Work Lounge WACRE (ワクレ) | コワーキングスペース,日本、〒101-0061 東京都千代田区神田三崎町３丁目１−１ 高橋セーフビル 5階,ChIJT7YRWKuNGGARIPtTe_lI6Rg
東京,プライムオフィス東神田,日本、〒101-0031 東京都千代田区東神田１丁目２−２ PRIME OFFICE,ChIJI-0jwOyPGGAR7OJOmhs1ijc
東京,クロスオフィス,"飯野ビルディング 9階, ２丁目-１-１ 内幸町 千代田区 東京都 100-0011 日本",ChIJSwwdKB6LGGARsJmfP_caNZA
東京,WORKING STUDIO 秋葉原/アストロサーブ株式会社,日本、〒101-0021 東京都千代田区外神田４丁目７−３ 田中ビル 1階,ChIJM3oJqb6NGGARt7quzNc8rUI
東京,1/3rd Life （ワンサードライフ）,日本、〒101-0021 東京都千代田区外神田５丁目１−１０ 千住ビル 1F/2F,ChIJiaFqC6KNGGARl87ZciKIKYY
東京,Premium Office Kanda (プレミアムオフィス神田）,日本、〒101-0041 東京都千代田区神田須田町１丁目２−７ 淡路町駅前ビル ３階,ChIJl6_9pwSMGGARZ_Gf2pvEbeQ
東京,H¹O 神田,日本、〒101-0042 東京都千代田区神田東松下町４１−１,ChIJ7RtEMo2NGGAROu260MELPaQ
東京,LIFORK大手町,日本、〒100-0004 東京都千代田区大手町１丁目５−１ 大手町ファーストスクエア ウエストタワー 1・2階,ChIJIz0giweMGGAR6BvABJByJRY
東京,StartupSide Tokyo｜スタートアップサイド東京,日本、〒101-0064 東京都千代田区神田猿楽町２丁目８−１１ Vort水道橋III 7・8・9階,ChIJgyM3F-mNGGARcXSuMmcMA68
東京,ワークスタイリング 大手町,日本、〒100-0004 東京都千代田区大手町１丁目２−１ Otemachi Oneタワ 6階,ChIJLXqQvkCNGGARESY1Uy4Xkkc
東京,H¹O 平河町,日本、〒102-0093 東京都千代田区平河町１丁目６−４,ChIJ8U7qNPyNGGAR8Bu83eczLk0
東京,BIZcomfort秋葉原岩本町,日本、〒101-0032 東京都千代田区岩本町３丁目８−８ 中和秋葉原ビル,ChIJVxIwOKmOGGAR91tol9fttZ4
東京,ビジネスエアポート神田,日本、〒101-0045 東京都千代田区神田鍛冶町３丁目４ Oak 7階,ChIJ3wEtOQKMGGARKRUgWVOZMaA
東京,コワーキングスペースFOREST,日本、〒170-0013 東京都豊島区東池袋３丁目７−９ 東池袋ビル 3階 ＡＳＯＮＥ,ChIJc65NLGSNGGARKVx6BNndmGw
東京,FEEEP 池袋東口店,日本、〒171-0022 東京都豊島区南池袋１丁目２２−１ 池袋1221ビル 2F,ChIJx6IiCeWNGGARDYOvQxCCIuU
東京,RYOZAN PARK OTSUKA,日本、〒170-0005 東京都豊島区南大塚３丁目３６−7 5 6階,ChIJ59auN0-NGGARhQ28aPTiXiw
東京,トラストワン,日本、〒171-0021 東京都豊島区西池袋１丁目１９−７ のとやビル ６階,ChIJ_XpoFXeNGGAR_nDtdjk-Uis
東京,おしごとパセラ池袋本店,日本、〒171-0021 東京都豊島区西池袋１丁目２１−９ パセラリゾーツ池袋本店,ChIJ07LFKlyNGGARUvzKs0It3CY
東京,RYOZAN PARK ANNEX,"東邦アネックス 2F １丁目-７-6, １丁目-７-６ 巣鴨 豊島区 東京都 170-0002 日本",ChIJp-1KwUWNGGAR5i9L-HmowAM
東京,co-ba ikebukuro station,日本、〒171-0021 東京都豊島区西池袋１丁目１７−７ 池袋ルミエールビル ４階,ChIJ8QujEzyNGGAR5z4FMv35Um0
東京,BIZcomfort東池袋,日本、〒170-0013 東京都豊島区東池袋５丁目７−３ 五丁目ビル 2F,ChIJiZ6DVDuNGGARSGZHcP77IWs
東京,池袋アントレサロン,日本、〒170-0013 東京都豊島区東池袋１丁目３４−５ いちご東池袋ビル ６階,ChIJkRoClGaNGGARuMJE7IT8YwM
東京,レンタルオフィス THE HUB 大塚 nex Inc.,"日本、〒170-0005 東京都豊島区南大塚３丁目５０−１ ウィンド大塚ビル 3,4F",ChIJEWhSH3SNGGAR4jfesVObTFY
東京,BasisPoint 池袋店,日本、〒171-0022 東京都豊島区南池袋１丁目２４−６ 深野ビル 4F,ChIJdX5h32eNGGARof_Sn3IDOM0
東京,co-ba ikebukuro,日本、〒171-0021 東京都豊島区西池袋３丁目２９−番３号 梅本ビル４階,ChIJ0_p9rF6NGGARUv5yppy-6fU
東京,BIZcomfort池袋西口,日本、〒171-0014 東京都豊島区池袋２丁目３６−１ INFINITY IKEBUKURO6F・7F・8F,ChIJTYm8ZkyNGGARpxFKEOCH10g
東京,H¹T 池袋東口（エイチワンティー）,日本、〒171-0022 東京都豊島区南池袋１丁目２１−５ 池袋大栄ビル 7階,ChIJjzoMXbyNGGAR6qtsJSdhUAU
東京,BIZcomfort池袋,日本、〒171-0021 東京都豊島区西池袋２丁目３６−１０ ACN池袋ビル 5F,ChIJrVPifVuNGGARZMvu2WuUab0
東京,サーブコープ 池袋サンシャイン60,日本、〒170-6045 東京都豊島区東池袋３丁目１−１ サンシャイン60 45階,ChIJwQn22RWLGGARYkeME8tHN1w
東京,RYOZAN PARK GREEN,日本、〒170-0005 東京都豊島区南大塚２丁目３５−１１ Urban Green2F 3F,ChIJcZqOQpGNGGARKoswmMIkKbM
東京,MID POINT大塚,日本、〒170-0005 東京都豊島区南大塚２丁目３８−１ リードシー大塚ビル 5~8F,ChIJrQy0H8aNGGARqmhAY94Ebwo
東京,NewWork 池袋7F,日本、〒170-0013 東京都豊島区東池袋１丁目２１−１１ オーク池袋ビルディング 7F,ChIJp3HcvJONGGARciWPAd2yPfI
東京,ワンストップビジネスセンター池袋店,日本、〒170-0013 東京都豊島区東池袋１丁目１７−１１ パークハイツ池袋,ChIJ0bZSX2aNGGAR9tcdxKdbRuk
東京,BIZcomfort中野南,日本、〒164-0001 東京都中野区中野２丁目１９−２ リードシー中野ビル 3F,ChIJN5BtFHHzGGAR_5DdqatbRO0
東京,workCAFE ココDoカフェ,日本、〒164-0001 東京都中野区中野５丁目５７−１０ CUBE中野 3F,ChIJSzo9VU3zGGARyyTlzczPAMk
東京,CWK Space,日本、〒164-0001 東京都中野区中野４７−３−４７−１３ シグマウエスト 401号,ChIJe4CByJHyGGARoBAspk1rIZo
東京,Next DESK ネクストデスク,日本、〒164-0001 東京都中野区中野２丁目１３−２５ 第一岡ビル３階,ChIJZYJ0DajzGGARmrY7AEv6DtI
東京,エキスパートオフィス中野CP（セントラルパーク）,日本、〒164-0001 東京都中野区中野４丁目１０−２ 中野セントラルパークサウス,ChIJL-df1p3zGGAR6c-yN5qWPgU
東京,いいオフィス中野,日本、〒164-0001 東京都中野区中野３丁目３６−１０ 坂口 中野駅前ビル ２F,ChIJMyHqr4vzGGARJ2bI_GNUC9c
東京,中野シェアオフィスG-style,日本、〒164-0012 東京都中野区本町６丁目２７−８,ChIJpdmVVOzyGGARSWbmNMzxocw
東京,BIZcircle新中野,日本、〒164-0012 東京都中野区本町４丁目４４−１３ 西京城西ビル 2階,ChIJAQAQ7unyGGARiZwQyZOdJZ8
東京,FromScratch Works 中野,日本、〒165-0026 東京都中野区新井２丁目３０ ４IFOビル 7FB,ChIJF7bEK2TzGGARvlrUMKMprX4
東京,ジザイ 中野坂上,日本、〒164-0011 東京都中野区中央２丁目９−１ サン・ロータスビル 6F,ChIJkx9LRXnzGGAREwitj0tnpTw
東京,ジザイ 新井薬師前,日本、〒164-0002 東京都中野区上高田３丁目２１−１４ 西田ビルヴィラサンヴェール1F ヴィラサンヴェール,ChIJDavAMFvzGGARY_khuhO7ZPQ
東京,ジザイ 中野2,日本、〒164-0001 東京都中野区中野５丁目６５−５ S・K中野ビル 6F,ChIJJQwljt_zGGARu3k5ip0l3_s
東京,中野コワーキングスペース Forest,日本、〒164-0001 東京都中野区中野３丁目３６−１２ 中野駅前ビル 5階,ChIJ9YyUvHvzGGARqkQosVvwIgE
東京,NAKANO HAKO,日本、〒164-1001 東京都中野区中野２丁目２４ ナカノサウステラ レジデンス棟 2階201,ChIJE1HJFkXzGGAR_rmzz_9aPCE
東京,アイデスク中野自習室,日本、〒164-0001 東京都中野区中野５丁目６０−６ サンモール共同ビル 3F,ChIJN7AkoQTzGGARNvScMjBiAg4
東京,ジザイ 中野,日本、〒164-0001 東京都中野区中野２丁目３０−８ 中野パールスカイビル Ⅱ-8階,ChIJJSfzsAnzGGARRtAo56LmCuA
東京,H¹T 中野（エイチワンティー）,日本、〒164-0001 東京都中野区中野３丁目３６−１５ ニュークリアビル 4階,ChIJNcxtZbTzGGARBwlBrRgi1QY
東京,テレキューブ 中野セントラルパークイースト1F,日本、〒164-0001 東京都中野区中野４丁目１０−１ 中野セントラルパークイースト 1F,ChIJv3k1RqXzGGARylsk7kD_QIE
東京,NewWork 中野,日本、〒164-0001 東京都中野区中野５丁目６５−３ A-01ビル 3F,ChIJw1pRIDXzGGARGk7i1oqj7Gk
東京,レンタルオフィスのKAns,日本、〒164-0001 東京都中野区中野６丁目２−１９ 1F B1F,ChIJG7GpbJ7zGGARcpwyvyqcEJo
東京,シェアオフィス練馬,"日建練馬ビル 2f, １丁目-２０-８ 練馬 練馬区 東京都 176-0001 日本",ChIJ8Soarw7tGGAR79lQaBzwMdo
東京,emiffice（エミフィス）練馬 シェアオフィス,日本、〒176-0001 東京都練馬区練馬１丁目３−１０ 西武鉄道練馬駅2階構内,ChIJh42yZ1LtGGARN67DT3O1fkE
東京,ジザイ 練馬2,日本、〒176-0001 東京都練馬区練馬１丁目４−１ ユニティフォーラム Ⅱ3F,ChIJo1yG2fftGGARX2uQohD5Xbw
東京,ぼっとう＆よはく,日本、〒176-0005 東京都練馬区旭丘１丁目６５−１８ 旭丘ダイヤモンドビル 202,ChIJNwBes7HtGGARmGjFiIlllQQ
東京,ジザイ 練馬,日本、〒176-0012 東京都練馬区豊玉北５丁目１７−１７ 朝日生命練馬ビル 1F,ChIJqyPWMf7tGGARf5HBkTDlI0g
東京,起業家シェアハウス『x-garden桜台』,日本、〒176-0012 東京都練馬区豊玉北３丁目１５−１７ x-garden桜台,ChIJ1cCxhG3tGGARpdhNA0Z7F0s
東京,ワークスタイリングSOLO 練馬,日本、〒176-0012 東京都練馬区豊玉北５丁目１７−１０ BPRプレイス練馬 （旧 LOC`S NERIMA BLDG）8階,ChIJpRykxBztGGAR2PPRkHrH8Rw
東京,H¹T 練馬（エイチワンティー）,"日本、〒176-0012 東京都練馬区豊玉北５丁目１７−１０, Loc’s Nerima Bldg., 3階",ChIJRVFW0RDtGGARYWU6y4uvalw
東京,テイクアナップ（TAKE A NAP）千川幸町店 コワーキングスペース,日本、〒173-0034 東京都板橋区幸町６６−４ HacksGarden201,ChIJvRsuEQmTGGARvtRU254-MUM
東京,ジザイ 上石神井,日本、〒177-0044 東京都練馬区上石神井１丁目１４−８ P&Gビル 2F,ChIJ531L32vvGGAR0hPFof3bbDE
東京,Lounge by m コワーキング石神井,日本、〒177-0041 東京都練馬区石神井町２丁目７−５ ブルーストーン 2F,ChIJr8LGqYLvGGARHzkgjGweEyE
東京,Lounge by m コワーキング大泉学園店,日本、〒178-0063 東京都練馬区東大泉１丁目２６−１２,ChIJXzt08CnvGGARhr07eVRRiGo
東京,ジザイ 小竹向原,日本、〒173-0036 東京都板橋区向原２丁目３６−４ 貸店舗1F・2F,ChIJw1S1SIDtGGARy_JZGQHd1S8
東京,BIZcomfort中板橋,日本、〒173-0021 東京都板橋区弥生町３３−３ 三春ビル 5F,ChIJs-PWhSOTGGARfdzwEcqgm2A
東京,Just Office Ekoda,日本、〒176-0006 東京都練馬区栄町２７−５,ChIJy5Pih7qLGGARz2XM0-8-V6E
東京,BIZcircle板橋本町,日本、〒174-0062 東京都板橋区富士見町１４−５,ChIJr9kLp4WTGGARo-XLXIhTpxE
東京,いいオフィス志村坂上（コワーキングスペース/リモートワーク/オンライン会議/会議室）,日本、〒174-0056 東京都板橋区志村１丁目１３−１４ ニューライフ志村坂上 ２Ｆ,ChIJld_tQHCTGGARMWet7ZhhGOk
東京,emiffice（エミフィス）大泉学園 シェアオフィス,日本、〒178-0063 東京都練馬区東大泉１丁目２８−１ グランエミオ大泉学園 1階,ChIJNUoBrPvvGGARG0mgfVGadFM
東京,MY TIME マイタイム,日本、〒179-0075 東京都練馬区高松４丁目６−１ 長谷美ビル ビズテラス光が丘 6F,ChIJCVd0K0vtGGAR5Dyxx6pkTlE
東京,NewWork大泉学園,日本、〒178-0063 東京都練馬区東大泉１丁目２９−１ 大泉学園ゆめりあ 1 3F,ChIJbaCoFY_vGGARF7QAMWvN73A
東京,358,日本、〒113-0033 東京都文京区本郷４丁目１７−８ 小柳ビル 3階,ChIJRbeEBxeNGGARconynuKxQRE
東京,BIZcomfort文京白山,日本、〒113-0001 東京都文京区白山１丁目１３−７ アクア白山ビル 7F,ChIJh1yYrEqMGGAR_duTZHRw5cw
東京,自習室KAKOI（後楽園駅前店）,日本、〒112-0002 東京都文京区小石川２丁目１−２ ユニオン小石川第1ビル 3階,ChIJ9Ti3ENCNGGAR_ADtD_cPgqs
東京,千石自習室,日本、〒113-0021 東京都文京区本駒込２丁目１０−４ 四季ビル千石 3階,ChIJja98Y6ONGGARxxpCkgNALTM
東京,ジザイ 後楽園,日本、〒112-0002 東京都文京区小石川１丁目３−１１ ライジングプラザ後楽園 4・8F,ChIJy2g_dseNGGARmqQ6fu43y4Q
東京,文京ベンチャーベース【自習室・コワーキングスペース】,日本、〒113-0001 東京都文京区白山１丁目６−４,ChIJSZD_XaaNGGAR--rZn2JoprI
東京,自習室KAKOI（文京シビックセンター前店）,日本、〒112-0002 東京都文京区小石川２丁目１−１ ユニオン小石川第2ビル 2階,ChIJTR5_ulmNGGARtZPJBoCznHI
東京,Work Lounge WACRE (ワクレ) | コワーキングスペース,日本、〒101-0061 東京都千代田区神田三崎町３丁目１−１ 高橋セーフビル 5階,ChIJT7YRWKuNGGARIPtTe_lI6Rg
東京,WORKERS CAFE by Feathers,日本、〒112-0013 東京都文京区音羽１丁目２５−１３ SPACE-T 2F,ChIJMT7k8SGNGGARLIAKi_s7nMc
東京,RYOZAN PARK OTSUKA,日本、〒170-0005 東京都豊島区南大塚３丁目３６−7 5 6階,ChIJ59auN0-NGGARhQ28aPTiXiw
東京,自習室KAKOI（本郷三丁目駅前店）,日本、〒113-0033 東京都文京区本郷２丁目２７−１７ ＩＣＮビル 2階,ChIJR1_KnNCNGGARZQFTtJDZAkE
東京,BIZcomfort駒込,日本、〒170-0003 東京都豊島区駒込２丁目３−３ 駒込北口ビル 3F,ChIJj4QyuZaNGGARJBhJAYNTVmg
東京,BIZcomfort御茶ノ水,日本、〒113-0033 東京都文京区本郷３丁目４−３ ヒルズ８８４お茶の水ビル 4F・5F お茶ノ水ビル,ChIJ__9rpiKMGGARG4Qoy9O4rhU
東京,MID POINT大塚,日本、〒170-0005 東京都豊島区南大塚２丁目３８−１ リードシー大塚ビル 5~8F,ChIJrQy0H8aNGGARqmhAY94Ebwo
東京,CO-WORKING&JAZZCLUB EXPRESSION,日本、〒101-0051 東京都千代田区神田神保町２丁目２０−６ 恒倉ビル B1F,ChIJgf4H1FaNGGAR_rOav08R_RU
東京,AndWorker神楽坂,日本、〒112-0014 東京都文京区関口１丁目５−１０,ChIJFUJOwReNGGARFBA7YzOhWyg
東京,BIZcomfort大塚,日本、〒170-0004 東京都豊島区北大塚１丁目１９−１２ コルティス大塚 5F・6F,ChIJd8_1SHaNGGARP-2SjaRYU_U
東京,ワークスタイリング 後楽園,日本、〒112-0002 東京都文京区小石川１丁目１−１ 文京ガーデンゲートタワー19階,ChIJjWAN0-aNGGARSIAruV3NA4E
東京,StartupSide Tokyo｜スタートアップサイド東京,日本、〒101-0064 東京都千代田区神田猿楽町２丁目８−１１ Vort水道橋III 7・8・9階,ChIJgyM3F-mNGGARcXSuMmcMA68
東京,1/3rd Life （ワンサードライフ）,日本、〒101-0021 東京都千代田区外神田５丁目１−１０ 千住ビル 1F/2F,ChIJiaFqC6KNGGARl87ZciKIKYY
東京,Cozy Works Kamiyacho,日本、〒105-6004 東京都港区虎ノ門４丁目３−１ 城山トラストタワー 4階,ChIJ00dXkpCLGGARi9MXb91Ce3s
東京,コワーキングスペース TeaTree Studio,日本、〒105-0003 東京都港区西新橋１丁目１７−６ 高嶋ビル 4F,ChIJq6o2n-yLGGARR3nNB5mGPC0
東京,Kant. ｜ WORK LOUNGE ｜OFFICE ｜CAFE&MUSIC BAR LOUNGE,日本、〒106-0032 東京都港区六本木４丁目８−５ 和幸ビル,ChIJl2080G-LGGARa2u_B0XIDJ4
東京,コワーキングスペース いいオフィス浜松町 by wedo,日本、〒105-0012 東京都港区芝大門１丁目６−６ 芝大門ヤマトビル 3F,ChIJWx38lueLGGARRNG2EmPHWco
東京,ビジネスエアポート新橋,日本、〒105-0004 東京都港区新橋１丁目１２−９ 新橋プレイス 6F･7F･8F,ChIJEdy3IoCLGGARh7oyhiqhAaU
東京,クロスオフィス六本木,日本、〒106-0032 東京都港区六本木７丁目１４−２３,ChIJtYXIZkmLGGARnOTSAc2tEcs
東京,THE HUB 南青山BASEⅡ nex Inc.,日本、〒107-0062 東京都港区南青山３丁目４−７ 第７ＳＹビル,ChIJszmMZO2NGGARehLG0VAvuso
東京,赤坂アントレサロン,日本、〒107-0052 東京都港区赤坂４丁目８−１９ 3階,ChIJk0S05MmNGGARUsA2pjGc2gQ
東京,THE HUB 芝浦 nex Inc.,日本、〒105-0023 東京都港区芝浦１丁目９−７ おもだかビル 4F,ChIJ4dvEFsqLGGARBgibKRcyfoc
東京,NewWork 新橋,日本、〒105-0004 東京都港区新橋１丁目１５−７ 新橋NFビル 7F,ChIJ1_88NAqLGGARranNnXrg3EY
東京,ニュー新橋コワーキング,日本、〒105-0004 東京都港区新橋２丁目１６−１ ニュー新橋ビル ３０５C,ChIJCYG4KuqLGGAR0KYbO1yHUf8
東京,THE HUB 高輪 nex Inc.,"日本、〒108-0074 東京都港区高輪２丁目１４−１７ グレイス高輪 8,9F",ChIJK7DvmFOKGGARLm0yVyuYCto
東京,港区立産業振興センター,日本、〒108-0014 東京都港区芝５丁目３６−４ ９階,ChIJw1O02kaLGGARJV2AbCymfpM
東京,ワークスタイリング 品川,日本、〒108-0075 東京都港区港南２丁目１６−５ 受付 Nbf 品川タワー 5階,ChIJcx7_m5SLGGARZcwOBd9CelE
東京,SPACES品川,日本、〒108-0075 東京都港区港南２丁目１６−１ 7F･8F 品川イーストワンタワー,ChIJ89sJctGLGGARXh3JQzLFcNs
東京,THE HUB 田町三田BASE nex Inc.,日本、〒108-0073 東京都港区三田３丁目４−３ RIPL9（リップルナイン 8F,ChIJD_n5EzGLGGARa6y0DNJ8ZGg
東京,ビジネスエアポート竹芝,日本、〒105-7508 東京都港区海岸１丁目７−１ 東京ポートシティ竹芝オフィスタワ 8F,ChIJW7CXV-KLGGARyzmgd8_loec
東京,クロスオフィス三田,日本、〒108-0014 東京都港区芝５丁目２９−２０,ChIJOWKzobGLGGARcnduePL7UOU
東京,BIRTH LAB / WORK,日本、〒106-0045 東京都港区麻布十番２丁目２０−７ 髙木ビル１F,ChIJ7a-L5V-LGGARFiiPXOvB37A
東京,ビジネスエアポート品川,日本、〒108-0075 東京都港区港南２丁目１６−２ 太陽生命品川ビル 28階,ChIJ-49gGVuKGGARjl2bhNoUwN4
東京,AWS Startup Loft Tokyo,日本、〒141-0021 東京都品川区上大崎３丁目１−１ 目黒セントラルスクエア 17F アマゾン新目黒オフィス,ChIJAwIIyMmLGGARgSXAT7lGl_4
東京,work.GO目黒碑文谷,日本、〒152-0003 東京都目黒区碑文谷５丁目２−５ T&Aビル 5F,ChIJzTleg3X1GGARBtswtniZnWk
東京,Impact HUB Tokyo,日本、〒153-0063 東京都目黒区目黒２丁目１１−３,ChIJN8ZpFiOLGGARl5gv5fDdSjo
東京,いいオフィス中目黒,日本、〒153-0051 東京都目黒区上目黒３丁目７−３ アオイハウス中目黒Nビル4A,ChIJMWs5K-OLGGARF2-9aTd_er0
東京,NewWork 中目黒,日本、〒153-0043 東京都目黒区東山１丁目６−７ フォーラム中目黒 6F,ChIJ69aTWvuLGGAR1CNmyuTeMr4
東京,inBase祐天寺【コワーキングスペース】,日本、〒153-0053 東京都目黒区五本木２丁目１３−２ 1F,ChIJBb8O0x6LGGARCt2TkIeTjW8
東京,MID POINT目黒不動前,日本、〒141-0031 東京都品川区西五反田３丁目１５−６ リードシー目黒不動前ビル,ChIJ5-1sBROLGGAROx45S-yywYE
東京,ワークスタイリング目黒,日本、〒141-0021 東京都品川区上大崎４丁目１−５ 目黒ヒルトップウォーク5階,ChIJxy8T3f2LGGARWOe_oeZ7dzM
東京,Pointline Yutenji,日本、〒153-0052 東京都目黒区祐天寺２丁目１３−４,ChIJKWTlP4r1GGAR-HYRDipsHMM
東京,ジザイ 中目黒,日本、〒153-0051 東京都目黒区上目黒３丁目３−１４ アサヒ電機・朝日生命中目黒ビル 7F,ChIJozJZ9GqLGGARF8mII-w2SiE
東京,大橋会館_オフィス,日本、〒153-0043 東京都目黒区東山３丁目７−１１ 大橋会館,ChIJ-Uxj_Wr1GGAR7wS9Tnk3kPs
東京,セルオフィス目黒,日本、〒153-0063 東京都目黒区目黒１丁目４−１６ 目黒Gビル ７F,ChIJKXy9J_GLGGARqzG2BvSu6fU
東京,MIDORI.so NAKAMEGURO,日本、〒153-0042 東京都目黒区青葉台３丁目３−１１,ChIJyYJ4dFOLGGAR1s0yqePtAiw
東京,inbase都立大学【コワーキングスペース】,日本、〒152-0031 東京都目黒区中根１丁目６−１２ 菅野ビル 3F,ChIJjUSc9WD1GGAR3FgywsOZRdM
東京,ワークスタイリング 中目黒,日本、〒153-0051 東京都目黒区上目黒２丁目９−１ 中目黒Gs第1ビル 8階,ChIJXz2cQF2LGGARec_FetZhVEE
東京,シンクーカン東京コワーキングスペース,日本、〒152-0031 東京都目黒区中根２丁目１１−５ クルミビル ２Ｆ,ChIJA1HZsHL1GGARotxczcyDPoU
東京,ジザイ 目黒,日本、〒141-0021 東京都品川区上大崎２丁目１６−５ 目黒ステーションサイドビル 8F,ChIJEcZySh6LGGARZIGiElLGQb0
東京,SoloTime 中目黒,日本、〒153-0051 東京都目黒区上目黒３丁目２−１ 明治安田生命中目黒ビル 4階,ChIJ1QJEboiLGGARLU1lOhKJYyk
東京,SENQ目黒,日本、〒141-0021 東京都品川区上大崎３丁目２−１ 目黒センタービル 8階,ChIJRxXNu1CLGGARBf8RaSgjGdA
東京,H¹T 中目黒（エイチワンティー）,日本、〒153-0051 東京都目黒区上目黒３丁目３−１４ アサヒ電気朝日生命中目黒ビル ７階,ChIJg0hiYeyLGGARgtefY8nKtzo
